original_phrase,cluster_id,cluster_name
Added sugar makes the drink taste gross.,106,Added Sugar Taste
Added sugar makes the drink taste gross.,106,Added Sugar Taste
Added sugar makes the drink taste gross.,106,Added Sugar Taste
This gum flavor caused an allergic throat reaction.,263,Allergic Reaction
Tastes like salty styrofoam with unpleasant texture.,263,Allergic Reaction
Salty bitter taste and flat appearance.,263,Allergic Reaction
Vile taste and flat appearance.,263,Allergic Reaction
Artificially sweetened hot cocoa mix is inferior.,73,Artificial Cocoa
Artificially sweetened hot cocoa mix in Kcup is inferior.,73,Artificial Cocoa
The hot cocoa is too watery and tasteless.,73,Artificial Cocoa
Product lacks real peppermint and tastes artificial.,53,Artificial Flavor
"Truffle oil is artificially flavored, not real truffles.",53,Artificial Flavor
"No real peppermint or cocoa, tastes artificial.",53,Artificial Flavor
"Truffle oil contains no real truffles, only artificial flavor.",53,Artificial Flavor
Product contains no real peppermint or cocoa.,53,Artificial Flavor
Truffle oil contains no actual truffles.,53,Artificial Flavor
Artificial ingredients and lack of real peppermint.,53,Artificial Flavor
Artificial lemon flavor like furniture polish.,260,Artificial Lemon
Artificial lemon taste like furniture polish.,260,Artificial Lemon
Artificial lemon taste reminiscent of furniture polish.,260,Artificial Lemon
Low acid coffee's flavor is awful.,14,Awful Low Acid
Low acid coffee's flavor is awful.,14,Awful Low Acid
Low acid coffee has a terrible flavor.,14,Awful Low Acid
The low acid coffee tasted awful.,14,Awful Low Acid
The artificial sweetener taste is awful.,150,Awful Sweetener Taste
Artificial sweetener taste is awful.,150,Awful Sweetener Taste
Artificial sweetener taste is overwhelmingly unpleasant.,150,Awful Sweetener Taste
Taste is too sweet with artificial sweetener.,150,Awful Sweetener Taste
Artificial sweetener taste is awful.,150,Awful Sweetener Taste
Garbanzo beans caused severe gas in baby.,88,Baby Gas From Beans
Garbanzo beans caused severe gas in a baby.,88,Baby Gas From Beans
Garbanzo beans caused severe gas in a baby.,88,Baby Gas From Beans
Bad aftertaste ruined the cocoa drink.,81,Bad Cocoa Aftertaste
Awful aftertaste and weak cocoa disappointed customer.,81,Bad Cocoa Aftertaste
The bad aftertaste ruined the cocoa drink.,81,Bad Cocoa Aftertaste
Bad aftertaste ruins the cocoa drink.,81,Bad Cocoa Aftertaste
The cocoa drink had a terrible aftertaste.,81,Bad Cocoa Aftertaste
Disliked the chocolate chip and oatmeal combination.,109,Bad Oat Combo
The oats have a funny taste.,109,Bad Oat Combo
"The oats have a funny, unpleasant taste.",109,Bad Oat Combo
Oatmeal was too mushy and soft.,109,Bad Oat Combo
"Mushy, soft texture made oatmeal disliked.",109,Bad Oat Combo
Product had bad taste or was old.,251,Bad Taste Defective
Product had a bad taste and was undrinkable.,251,Bad Taste Defective
"Product had bad taste, possibly defective.",251,Bad Taste Defective
Bitter aftertaste from the flour mix.,113,Bitter Flour Aftertaste
Blend is weak with bitter aftertaste.,113,Bitter Flour Aftertaste
The flour mix has a strong bitter aftertaste.,113,Bitter Flour Aftertaste
The product has an extremely bitter aftertaste.,113,Bitter Flour Aftertaste
Bitter aftertaste from the flour mix.,113,Bitter Flour Aftertaste
The mix leaves an extremely bitter aftertaste.,113,Bitter Flour Aftertaste
The mix tastes overwhelmingly of flour and sour cream.,113,Bitter Flour Aftertaste
Flavor dominated by flour and sour cream.,113,Bitter Flour Aftertaste
Bitter taste makes the product unpalatable.,245,Bitter Muddy Taste
"Inferior bitter, muddy, thin taste compared to others.",245,Bitter Muddy Taste
"Taste is bitter, muddy, and thin.",245,Bitter Muddy Taste
"Taste is processed, fake, and inferior.",245,Bitter Muddy Taste
The mix was bitter and did not rise.,232,Bitter No Rise
The mix failed to rise and taste good.,232,Bitter No Rise
The mix did not rise and tasted bitter.,232,Bitter No Rise
Bitter artificial sweetener taste unlike canned version.,149,Bitter Sweetener
Tastes bitter like artificial sweetener.,149,Bitter Sweetener
"Bitter artificial sweetener taste, unlike canned version.",149,Bitter Sweetener
The product has a bitter taste.,228,Bitter Taste
A bitter ingredient makes the product inedible.,228,Bitter Taste
Product is bitter and too runny.,228,Bitter Taste
The product is runny and bitter.,228,Bitter Taste
Product is too bitter and too runny.,228,Bitter Taste
"The Beer Nuts are bland, not sweet and salty.",187,Bland Beer Nuts
"The beer nuts taste bland, not sweet and salty.",187,Bland Beer Nuts
"The Beer Nuts are bland, not sweet and salty.",187,Bland Beer Nuts
Taste is bland and lacks pineapple flavor.,135,Bland Fruit Mix
Missing expected pineapple and coconut flavors.,135,Bland Fruit Mix
"Lacks papaya taste, tastes like mushy pineapple.",135,Bland Fruit Mix
Drink lacks authentic pina colada flavor.,135,Bland Fruit Mix
Drink does not taste like pineapple or coconut.,135,Bland Fruit Mix
Product is bland and has grainy texture.,239,Bland Grainy
The product is bland and grainy.,239,Bland Grainy
Bland flavor and poor texture after storage.,239,Bland Grainy
Bland flavor and grainy texture.,239,Bland Grainy
Product is bland with grainy texture.,239,Bland Grainy
Broken noodles and over-salted sauce ruined the product.,99,Broken Noodles Salt
Poor quality product with broken noodles and bad sauce.,99,Broken Noodles Salt
Broken noodles and overly salty sauce.,99,Broken Noodles Salt
The noodles are unappetizing and cause gagging.,99,Broken Noodles Salt
Poor taste and texture of noodles.,99,Broken Noodles Salt
The noodles have awful taste and gross consistency.,99,Broken Noodles Salt
Chips lack sufficient sour cream and onion flavor.,226,Burnt No Flavor
Chips were burnt and lacked vinegar flavor.,226,Burnt No Flavor
Chips lacked expected cheddar flavor and tasted stale.,226,Burnt No Flavor
Chips tasted stale and lacked cheddar flavor.,226,Burnt No Flavor
No flavoring on any chips.,226,Burnt No Flavor
Chips lacked seasoning or flavoring.,226,Burnt No Flavor
Chips had no flavoring on them.,226,Burnt No Flavor
Chips lacked sufficient vinegar flavor.,226,Burnt No Flavor
Taste did not meet expectations for traditional kettle chips.,226,Burnt No Flavor
Recipe changed for worse after company buyout.,129,Buyout Recipe Change
Recipe changed after company buyout.,129,Buyout Recipe Change
Recipe changed after company buyout.,129,Buyout Recipe Change
Calcium deficiency causes metabolic bone disease.,68,Calcium Deficiency
"Sojo's diet lacks calcium, causing bone disease.",68,Calcium Deficiency
"The diet lacks calcium, causing bone disease.",68,Calcium Deficiency
Calcium deficiency in Sojo's diet causes bone disease.,68,Calcium Deficiency
Unpleasant flavor reminiscent of cardboard and vinegar.,213,Cardboard Taste
Product tasted like sour milk and cardboard.,213,Cardboard Taste
Tasted like cardboard soaked in beef flavored vinegar.,213,Cardboard Taste
The taste and smell were like sour milk and cardboard.,213,Cardboard Taste
Item tasted like cardboard and had no flavor.,213,Cardboard Taste
The product tasted like sour milk and cardboard.,213,Cardboard Taste
Tasted like cardboard and watered down.,213,Cardboard Taste
The product tasted like cardboard and had a miserable texture.,213,Cardboard Taste
Cheap food is unpalatable to cat.,16,Cat Refuses Food
Cat shows no interest in the food.,16,Cat Refuses Food
Cat refuses to eat or even sniff the food.,16,Cat Refuses Food
Cat refuses to eat the food.,16,Cat Refuses Food
Cheap food is unpalatable to the cat.,16,Cat Refuses Food
Cheap food is unappealing to the cat.,16,Cat Refuses Food
Merrick canned food caused pancreatitis in dogs.,33,Causes Pancreatitis
Merrick canned food caused pancreatitis in dogs.,33,Causes Pancreatitis
Merrick canned food caused pancreatitis in both dogs.,33,Causes Pancreatitis
Merrick canned food caused pancreatitis in dogs.,33,Causes Pancreatitis
A defective batch of food caused vomiting.,267,Causes Vomiting
"The food causes loose, stinky stools.",267,Causes Vomiting
Food caused diarrhea and was unpalatable.,267,Causes Vomiting
Not the same root tea as childhood.,45,Changed From Childhood
Product differed from childhood tea memory.,45,Changed From Childhood
It wasn't the childhood root tea.,45,Changed From Childhood
Product texture and flavor changed unexpectedly.,238,Changed Texture Flavor
Short-lived flavor disappears within seconds.,238,Changed Texture Flavor
"Product's organic quality changed, causing allergy return.",238,Changed Texture Flavor
Product texture and flavor changed unfavorably.,238,Changed Texture Flavor
Product had wrong texture and taste.,238,Changed Texture Flavor
Product texture and flavor changed negatively.,238,Changed Texture Flavor
Too sweet and sinewy texture disappointed the customer.,238,Changed Texture Flavor
Texture and non-barbecue flavors are disliked.,238,Changed Texture Flavor
The hot chocolate tastes like cheap instant mix.,158,Cheap Cocoa
Hot chocolate was too sweet and off-tasting.,158,Cheap Cocoa
The hot chocolate tastes chalky and inferior.,158,Cheap Cocoa
The hot chocolate is too sweet and has an off taste.,158,Cheap Cocoa
Tastes like cheap sugar-free instant hot chocolate.,158,Cheap Cocoa
Hot chocolate too sweet with off taste.,158,Cheap Cocoa
The hot chocolate tasted like cheap sugar-free instant.,158,Cheap Cocoa
Product tasted like cheap hot chocolate mix.,158,Cheap Cocoa
Dark hot cocoa tasted like cheap instant mix.,101,Cheap Cocoa Taste
Hydrogenated oil in the hot cocoa mix.,101,Cheap Cocoa Taste
The cocoa tasted watery and like sweet hot water.,101,Cheap Cocoa Taste
Hot cocoa has a strange sour milk taste.,101,Cheap Cocoa Taste
Hot cocoa tastes like sweet hot water.,101,Cheap Cocoa Taste
Hydrogenated oil in hot cocoa mix.,101,Cheap Cocoa Taste
Artificially sweetened hot cocoa mix in K-cup.,101,Cheap Cocoa Taste
"New recipe uses cheaper, lower-quality ingredients.",130,Cheaper MSG Recipe
Recipe change introduced MSG and processed ingredients.,130,Cheaper MSG Recipe
Recipe changed to add MSG and processed ingredients.,130,Cheaper MSG Recipe
Recipe changed to include MSG and cheap ingredients.,130,Cheaper MSG Recipe
Chemical smell and unpleasant taste.,261,Chemical Smell
Faint chemical smell and off taste.,261,Chemical Smell
Unpleasant taste that is an acquired taste.,261,Chemical Smell
"Bad smell and weak, awful taste.",261,Chemical Smell
Awful taste and lack of energy.,261,Chemical Smell
Bad taste and lack of energy.,261,Chemical Smell
"Tastes like a chemical experiment, unlike homemade.",256,Chemical Taste
Tastes like chemicals due to artificial ingredients.,256,Chemical Taste
Chemical taste from long ingredient list.,256,Chemical Taste
Chemical taste from artificial flavor was the main issue.,256,Chemical Taste
Chemical taste from artificial ingredients.,256,Chemical Taste
The mix has a chemical taste and artificial flavors.,256,Chemical Taste
Bottled water contains impurities that cloud hot tea.,46,Cloudy Tea from Water
Water contains impurities causing cloudy tea.,46,Cloudy Tea from Water
Bottled water contains impurities causing cloudy tea.,46,Cloudy Tea from Water
Tea balls fall apart in hot water.,46,Cloudy Tea from Water
Heat and shaking caused coating to separate.,115,Coating Separation
Excessive grease and salt make the product inedible.,115,Coating Separation
Heat and shaking caused loss of coating and flavor.,115,Coating Separation
Overheating caused dried crust and gelatinous goo.,115,Coating Separation
Salt shaker design causes uncontrollable clumping and dispensing.,115,Coating Separation
Product contains excessive grease and salt.,115,Coating Separation
Excessive grease and salt make it inedible.,115,Coating Separation
Excessive grease causes burnt taste and saturation.,115,Coating Separation
The exceptional quality of TANG's cookies ruins all others.,123,Crumbly Cookies
Cookies were too crumbly and fragile.,123,Crumbly Cookies
Overly moist and undercooked cookies cause breakage.,123,Crumbly Cookies
Cookies arrived stale and crumbled.,123,Crumbly Cookies
Cookies arrived crushed and stale.,123,Crumbly Cookies
"The recipe produced terrible, inedible cookies.",123,Crumbly Cookies
Cookies arrived stale and broken into crumbs.,123,Crumbly Cookies
Cookies arrived stale and crumbled.,123,Crumbly Cookies
"The recipe produces terrible, inedible cookies.",123,Crumbly Cookies
The cookie recipe is fundamentally flawed.,123,Crumbly Cookies
"Product crumbles when cut, unsuitable as rolls.",192,Crumbly Product
Poor packaging caused lollipops to break.,192,Crumbly Product
Product broke due to inadequate packaging.,192,Crumbly Product
Poor packaging led to broken lollipops.,192,Crumbly Product
Insufficient packaging caused all three bottles to break.,192,Crumbly Product
Poor packaging caused broken salsa bottles.,192,Crumbly Product
Inadequate packaging caused all three bottles to break.,192,Crumbly Product
Poor packaging led to broken bricks.,192,Crumbly Product
Supplier shipped damaged and incorrect merchandise.,200,Damaged Wrong Item
Supplier sent damaged and incorrect merchandise.,200,Damaged Wrong Item
"Sent wrong item and shorted quantity, overcharged.",200,Damaged Wrong Item
"Supplier sent damaged, incorrect, non-certified merchandise.",200,Damaged Wrong Item
Supplier sent damaged and incorrect merchandise.,200,Damaged Wrong Item
Deceptive use of yeast extract and excessive air in bag.,132,Deceptive MSG Labeling
Misleading 'No MSG' label due to autolyzed yeast extract.,132,Deceptive MSG Labeling
False advertising: yeast extract is actually MSG.,132,Deceptive MSG Labeling
Deceptive advertising about the bar's small size.,62,Deceptive Size
Deceptive advertising about the bar's true size.,62,Deceptive Size
Deceptive advertising misrepresents the bar's small size.,62,Deceptive Size
Most jars contained inedible clumpy mush.,51,Defective Baby Food
"Most jars were defective, inedible mush.",51,Defective Baby Food
Plastic pieces found in baby food jars.,51,Defective Baby Food
Two out of four jars were rotten.,51,Defective Baby Food
Dented cans and missing DOP certification label.,38,Dented DOP Cans
Dented cans and missing DOP certification labels.,38,Dented DOP Cans
Dented cans and missing DOP certification labels.,38,Dented DOP Cans
11 of 12 cans arrived severely dented.,56,Dented Shipping Cans
Shipping caused severe dents in 11 of 12 cans.,56,Dented Shipping Cans
11 of 12 cans arrived severely dented.,56,Dented Shipping Cans
Quality deteriorated after previously good chip experiences.,108,Deteriorated Chip Quality
US conglomerate buyout ruined chip quality.,108,Deteriorated Chip Quality
Inconsistent production leads to poor quality chips.,108,Deteriorated Chip Quality
"Product quality declined with broken, burnt chips.",108,Deteriorated Chip Quality
Store-bought chips differ from sample quality.,108,Deteriorated Chip Quality
Private equity buyout caused quality decline.,108,Deteriorated Chip Quality
Private equity acquisition caused decline in chip quality.,108,Deteriorated Chip Quality
Quality declined after private equity acquisition.,108,Deteriorated Chip Quality
Awful aftertaste resembling bad diet soda.,138,Diet Aftertaste
Unpleasant aftertaste from sugar substitute.,138,Diet Aftertaste
Bad aftertaste and weak flavor.,138,Diet Aftertaste
Awful aftertaste like bad diet soda.,138,Diet Aftertaste
Caviar had odd flavor and bad aftertaste.,138,Diet Aftertaste
Unpleasant diet sweetener aftertaste ruined the taste.,157,Diet Aftertaste
Artificial sweetener aftertaste was unpleasant.,157,Diet Aftertaste
Unpleasant artificial sweetener aftertaste ruins the flavor.,157,Diet Aftertaste
Unpleasant artificial sweetener aftertaste ruined the flavor.,157,Diet Aftertaste
The tea tastes and smells like dirty feet.,48,Dirty Taste Tea
The tea tasted like dirt.,48,Dirty Taste Tea
Tea was mostly powder/dust with few intact leaves.,48,Dirty Taste Tea
The tea smelled and tasted like dirty feet.,48,Dirty Taste Tea
The tea tastes and smells like dirty feet.,48,Dirty Taste Tea
The tea had a rancid odor.,48,Dirty Taste Tea
"The tea had a rancid, unpleasant odor.",48,Dirty Taste Tea
"The tea had a rancid, off-putting odor.",48,Dirty Taste Tea
"Tea has a terrible, moldy taste and smell.",48,Dirty Taste Tea
Potato flakes did not meet expectations.,94,Disappointing Flakes
The product is disappointing potato flakes.,94,Disappointing Flakes
Potato flakes are the main complaint.,94,Disappointing Flakes
Product was disliked even by easily pleased children.,258,Disliked by Kids
Even undemanding children disliked the product.,258,Disliked by Kids
"Product unexpectedly targeted at children, not adults.",258,Disliked by Kids
The product was unappealing to easily pleased children.,258,Disliked by Kids
Elmo on package misleads adults about target audience.,258,Disliked by Kids
Even easily pleased children disliked the product.,258,Disliked by Kids
Treats are too small for medium dogs.,13,Dog Treats Too Small
"Overpriced for small, unappealing dog treats.",13,Dog Treats Too Small
Treats too small for medium-sized dogs.,13,Dog Treats Too Small
Treats too small for medium-sized dogs.,13,Dog Treats Too Small
The poodle dislikes the food's taste.,18,Dogs Refuse Food
The reviewer's picky dog refused to eat the food.,18,Dogs Refuse Food
Dogs rejected Newman's dog food completely.,18,Dogs Refuse Food
Dog refused to eat the canned food.,18,Dogs Refuse Food
Dogs refuse to eat the food.,18,Dogs Refuse Food
The dog refused to eat the canned food.,18,Dogs Refuse Food
The dog refused to eat the canned food.,18,Dogs Refuse Food
Dog got diarrhea and refused the food.,18,Dogs Refuse Food
Dog got diarrhea and rejected the food.,18,Dogs Refuse Food
Overpriced treat that dog refuses to eat.,18,Dogs Refuse Food
Dogs refuse to eat this dog food.,18,Dogs Refuse Food
Dogs refuse to eat this dog food.,18,Dogs Refuse Food
The bread mix lacks sufficient moisture.,84,Dry Bland Bread
Bread lacks flavor and is not full-bodied.,84,Dry Bland Bread
Bread lacks flavor and body.,84,Dry Bland Bread
White bread lacks flavor and body.,84,Dry Bland Bread
Excessive corn syrup in baby product.,89,Excess Corn Syrup
The baby formula contains corn syrup.,89,Excess Corn Syrup
Excessive corn syrup in baby product.,89,Excess Corn Syrup
Corn syrup in baby formula is unacceptable.,89,Excess Corn Syrup
Expensive formula contains processed corn syrup solids.,89,Excess Corn Syrup
Expensive and contains processed corn syrup solids.,89,Excess Corn Syrup
Expensive formula with processed corn syrup solids.,89,Excess Corn Syrup
Too much corn syrup in baby product.,89,Excess Corn Syrup
Excessive corn syrup in baby product.,89,Excess Corn Syrup
Corn syrup in product is unhealthy for babies.,89,Excess Corn Syrup
Product contains corn syrup as ingredient.,89,Excess Corn Syrup
High fructose corn syrup causes health and environmental harm.,89,Excess Corn Syrup
Excessive fat content in the mix instructions.,233,Excess Fat Content
Poor flavor and texture of the mix.,233,Excess Fat Content
Disappointed in flavor and texture of mix.,233,Excess Fat Content
Poor flavor and texture of the mix.,233,Excess Fat Content
Sugar was added to product after listing.,116,Excess Sugar Crystals
The product contains excessive crunchy sugar crystals.,116,Excess Sugar Crystals
Product has excessive crunchy sugar crystals.,116,Excess Sugar Crystals
Product has excessive crunchy sugar crystals.,116,Excess Sugar Crystals
Salt flavor chips are excessively salty.,253,Excessively Salty
"Chips are dry, gross, and unsatisfying.",253,Excessively Salty
"Chips are greasy, undermining salt-free appeal.",253,Excessively Salty
Chips are too greasy despite being salt-free.,253,Excessively Salty
Overly salted chips caused mouth skin peeling.,253,Excessively Salty
"Chips are excessively salty, causing mouth peeling.",253,Excessively Salty
"Chips have a funny, unpleasant aftertaste.",253,Excessively Salty
Chips are excessively salty and sour.,253,Excessively Salty
Chips are excessively greasy and taste burnt.,253,Excessively Salty
Chips are overly greasy and taste burnt.,253,Excessively Salty
Out-of-date product caused bad taste.,222,Expired Bad Taste
Likely expired product causes muddy taste.,222,Expired Bad Taste
Spoiled product caused black liquid.,222,Expired Bad Taste
Product was a grayish sticky mess.,222,Expired Bad Taste
Product arrived as grayish sticky mess.,222,Expired Bad Taste
Product was a grayish sticky mess.,222,Expired Bad Taste
Outdated/spoiled product caused black liquid.,222,Expired Bad Taste
"Expired, rat-infested chips sent to customer.",210,Expired Contaminated
Received expired chips with rat damage.,210,Expired Contaminated
"Expired, rodent-contaminated chips caused negative review.",210,Expired Contaminated
Rodent holes in bags caused contamination.,210,Expired Contaminated
Rodent-damaged bags made chips a health hazard.,210,Expired Contaminated
Damaged bags with rodent holes caused contamination.,210,Expired Contaminated
Mouse chewed open every bag of chips.,210,Expired Contaminated
Mouse chewed open all bags of chips.,210,Expired Contaminated
All bags were chewed open by mice.,210,Expired Contaminated
Extremely bitter taste makes coffee undrinkable.,28,Extremely Bitter
Bitter coffee taste makes it undrinkable.,28,Extremely Bitter
The coffee is excessively bitter and nasty.,28,Extremely Bitter
Coffee is too bitter to drink.,28,Extremely Bitter
Coffee is too bitter even with cream and honey.,28,Extremely Bitter
"The coffee is too bitter, even with additives.",28,Extremely Bitter
The coffee is excessively bitter.,28,Extremely Bitter
High caffeine causes side effects for sensitive users.,28,Extremely Bitter
Caffeine sensitivity leads to adverse effects.,28,Extremely Bitter
"The juice is mostly other fruits, not real acai.",142,Fake Acai Juice
Lacks authentic acai flavor; mostly other juices.,142,Fake Acai Juice
"It's mostly other juices, not real acai.",142,Fake Acai Juice
"The product lacks shortening, making it not a true Bisquick equivalent.",26,Fake Bisquick
"Product tastes processed and fake, worse than Bisquick.",26,Fake Bisquick
Product is only marginally better than standard Bisquick.,26,Fake Bisquick
Product is only marginally better than Bisquick.,26,Fake Bisquick
Tomatoes are not D.O.P. certified imitation.,6,Fake DOP Tomatoes
Products are not authentic DOP tomatoes.,6,Fake DOP Tomatoes
Misleading product image shows D.O.P. tomatoes.,6,Fake DOP Tomatoes
False advertising of D.O.P. certified tomatoes.,6,Fake DOP Tomatoes
"Tomatoes are fake, not D.O.P. certified San Marzano.",6,Fake DOP Tomatoes
"Item mislabeled as gluten-free, contains wheat protein.",120,Fake Gluten-Free
Item mislabeled as gluten-free but contains wheat.,120,Fake Gluten-Free
The gluten-free mix tasted awful.,120,Fake Gluten-Free
Gluten in the mix caused indigestion.,120,Fake Gluten-Free
False gluten-free label due to wheat ingredient.,120,Fake Gluten-Free
Item falsely listed as gluten-free but contains wheat.,120,Fake Gluten-Free
Fake milk powder's off flavor is the main issue.,61,Fake Milk Powder
Fake milk powder causes off flavor and thin texture.,61,Fake Milk Powder
Fake milk powder causes off flavor and thin texture.,61,Fake Milk Powder
Fake milk powder causes off flavor and thinness.,61,Fake Milk Powder
"Product mislabeled as olive oil, used unhealthy oil.",163,Fake Olive Oil
Misleading product description about oil type.,163,Fake Olive Oil
"Advertised olive oil, but used unhealthy oil.",163,Fake Olive Oil
Product picture shows DOP but tomatoes are not.,7,False DOP Claim
Tomatoes were not DOP certified as advertised.,7,False DOP Claim
Advertised DOP tomatoes not actually provided.,7,False DOP Claim
Product is not DOP certified San Marzano tomatoes.,7,False DOP Claim
Box falsely claims tuna is included.,172,False Tuna Claim
Restaurant falsely claims to serve Kobe beef.,172,False Tuna Claim
Misleading packaging claims tuna included.,172,False Tuna Claim
Product lacks tuna despite box promising it.,172,False Tuna Claim
False flavor and misleading nutrition label.,172,False Tuna Claim
Filler content led to the negative review.,151,Filler Content Issue
Poor taste and high price cause negative review.,151,Filler Content Issue
"The review is positive, not negative.",151,Filler Content Issue
"The review is positive, not negative.",151,Filler Content Issue
Amazon switched reviews from a different product.,151,Filler Content Issue
The order cancellation caused the negative review.,151,Filler Content Issue
"Pre-ground coffee resulted in flat, boring taste.",30,Flat Pre-Ground
The coffee's smell and taste are terrible.,30,Flat Pre-Ground
Coffee has an unpleasant flavor despite low acidity.,30,Flat Pre-Ground
K-cups produced only flavorless brown water.,90,Flavorless Brown Water
Grove Square k-cups gunked up the brewer.,90,Flavorless Brown Water
K-cups have a strong plastic/chemical taste.,90,Flavorless Brown Water
The k-cups produced flavorless brown water.,90,Flavorless Brown Water
Grove Square k-cups gunked up the brewer.,90,Flavorless Brown Water
Hot chocolate k-cups have a chemical taste.,90,Flavorless Brown Water
K-cups produced only flavorless brown water.,90,Flavorless Brown Water
Grove Square k-cups gunked up the brewer.,90,Flavorless Brown Water
The candy has no flavor.,166,Flavorless Candy
Candy lacks flavor and is plain chewy.,166,Flavorless Candy
"No flavor, just red and chewy.",166,Flavorless Candy
Formula change caused cats to reject the food.,17,Formula Change Rejection
Formula change caused cats to reject food.,17,Formula Change Rejection
Formula change caused cats to reject the food.,17,Formula Change Rejection
All-natural kibble was too rich for cats.,17,Formula Change Rejection
Unlabeled formula change caused cats to stop eating.,17,Formula Change Rejection
Unlabeled formula change caused cats to stop eating.,17,Formula Change Rejection
Unlabeled formula change caused cats to stop eating.,17,Formula Change Rejection
Customer canceled due to NuNaturals' use of GMOs.,152,GMO Concerns
The order was cancelled due to a problem.,152,GMO Concerns
Order was cancelled due to issues.,152,GMO Concerns
Altered texture and flavor caused gagging.,268,Gagging Taste
Horrid taste made it inedible.,268,Gagging Taste
The taste was so bad it caused gagging.,268,Gagging Taste
Vile taste and flat appearance made toddler cry.,268,Gagging Taste
Horrid taste makes it inedible.,268,Gagging Taste
Thick formula with persistent bubbles causes gas.,87,Gas-Causing Formula
Thick formula with bubbles worsened baby's gas.,87,Gas-Causing Formula
Thick formula with bubbles caused more gas.,87,Gas-Causing Formula
The formula is thick and produces excessive bubbles.,87,Gas-Causing Formula
Gluey texture and sickeningly sweet flavor.,259,Gluey Sweet
Gluey texture and sickening sweet flavor.,259,Gluey Sweet
Gluey texture and sickeningly sweet flavor.,259,Gluey Sweet
Poor artificial flavor and stringy texture.,259,Gluey Sweet
Artificial flavor and stringy texture.,259,Gluey Sweet
Chips were soaked with grease.,248,Grease Soaked
Chips were soaked in excessive grease.,248,Grease Soaked
Bag size too small with only 10 chips.,248,Grease Soaked
"Burnt, greasy, broken chips lacking light crunch.",248,Grease Soaked
"Burnt, greasy chips with many broken bits.",248,Grease Soaked
Chips were excessively soaked with grease.,247,Greasy Chips
"Burnt, greasy, broken kettle chips lack crunch.",247,Greasy Chips
Excessive oil in chips made them unappetizing.,247,Greasy Chips
Excess oil in chips made them unappetizing.,247,Greasy Chips
Excessive oil made chips unappetizing.,247,Greasy Chips
Cookies are neither healthy nor tasty.,124,Greasy High Fat
Cookies are too high in fat content.,124,Greasy High Fat
Excessive fat makes cookies greasy and crumbly.,124,Greasy High Fat
High fat content makes cookies greasy.,124,Greasy High Fat
"Product is hard, greasy, and inedible jerky.",136,Hard Greasy Jerky
"Product is hard, greasy, stale, not real jerky.",136,Hard Greasy Jerky
"Product is not jerky, too hard and greasy.",136,Hard Greasy Jerky
"The product is not jerky but hard, greasy, stale strips.",136,Hard Greasy Jerky
The jerky was rock-hard and inedible.,136,Hard Greasy Jerky
Bars are now too hard and inedible.,63,Hard Inedible Bars
Bars have become hard and unappetizing.,63,Hard Inedible Bars
Bars became too hard and inedible.,63,Hard Inedible Bars
Gum cigars were too hard and overly sweet.,66,Hard Sweet Gum
The gum cigars were too hard and overly sweet.,66,Hard Sweet Gum
Gum cigars were too hard and sweet.,66,Hard Sweet Gum
The bubble gum cigars were stale and hard.,66,Hard Sweet Gum
The bubble gum cigars were not fresh.,66,Hard Sweet Gum
Texture is hard and weird even when microwaved.,240,Hard Weird Texture
Texture is hard and weird even when microwaved.,240,Hard Weird Texture
Texture is hard and weird even when microwaved.,240,Hard Weird Texture
Texture is too mushy and soft.,240,Hard Weird Texture
Lid is extremely hard to open.,161,Hard to Open Lid
Lid design made opening nearly impossible.,161,Hard to Open Lid
Side lid is difficult to remove and fragile.,161,Hard to Open Lid
Lid spills water and requires equal-height herbs.,161,Hard to Open Lid
Certain nutritious ingredients cause headaches and migraines.,111,Headache Causes
Cookie ingredients cause headaches and migraines.,111,Headache Causes
Cookies cause headaches and migraines from their ingredients.,111,Headache Causes
Ingredients in the cookies cause migraines and headaches.,111,Headache Causes
Product contains undisclosed allergens causing rash.,171,Hidden Allergens
Unlisted allergens in product caused rash.,171,Hidden Allergens
Allergens not listed caused a rash.,171,Hidden Allergens
Product ineffective as natural cure for hives.,171,Hidden Allergens
Product failed to cure hives as claimed.,171,Hidden Allergens
Undisclosed artificial sweetener caused bad taste and headache.,139,Hidden Artificial Sweetener
Artificial sweetener left an unpleasant fake sugar taste.,139,Hidden Artificial Sweetener
Undisclosed artificial sweetener caused bad taste and headache.,139,Hidden Artificial Sweetener
Artificial sweetener left an unpleasant fake sugar taste.,139,Hidden Artificial Sweetener
Product contains MSG not disclosed before purchase.,131,Hidden MSG
Product has undisclosed MSG and cannot be returned.,131,Hidden MSG
"Undisclosed MSG content, no returns allowed.",131,Hidden MSG
Artificial sweetener not disclosed on packaging.,119,Hidden Sweetener
Artificial sweetener not disclosed on label.,119,Hidden Sweetener
Undisclosed artificial sweetener in ingredients.,119,Hidden Sweetener
Manufacturer failed to disclose trans fat as first ingredient.,186,Hidden Trans Fat
Product contains undisclosed trans-fats.,186,Hidden Trans Fat
Ingredient list omitted trans fat as first ingredient.,186,Hidden Trans Fat
Product contains trans-fats in all flavors.,186,Hidden Trans Fat
Missing online ingredient list hid trans fats.,186,Hidden Trans Fat
Undisclosed trans-fats in product description.,186,Hidden Trans Fat
First ingredient trans fat not disclosed.,186,Hidden Trans Fat
Undisclosed trans-fats in all flavors.,186,Hidden Trans Fat
"Website lacks ingredient list, hiding trans fats.",186,Hidden Trans Fat
Crackers contain high inorganic arsenic.,76,High Arsenic Levels
High inorganic arsenic in these crackers.,76,High Arsenic Levels
High inorganic arsenic levels in crackers.,76,High Arsenic Levels
High inorganic arsenic in brown rice crackers.,76,High Arsenic Levels
High freight cost for low-priced item.,96,High Shipping Cost
Paid three times more than in-store price.,96,High Shipping Cost
Shipping cost more than item price.,96,High Shipping Cost
Freight cost exceeds product price significantly.,96,High Shipping Cost
Unpleasant taste made the product undrinkable.,265,Horrendous Taste
Disliked the product's taste and smell.,265,Horrendous Taste
The product tasted horrendous and chemical-like.,265,Horrendous Taste
The product had a terrible chemical taste.,265,Horrendous Taste
The product's taste was repulsive.,265,Horrendous Taste
The product's taste was intolerable.,265,Horrendous Taste
Product has a horrible aftertaste.,122,Horrible Aftertaste
Horrible aftertaste is the root cause.,122,Horrible Aftertaste
Unpleasant aftertaste made the product unusable.,122,Horrible Aftertaste
The product had a bad aftertaste.,122,Horrible Aftertaste
The product's aftertaste is worse than cheap liquor.,122,Horrible Aftertaste
Unpleasant aftertaste made product inedible.,122,Horrible Aftertaste
Bad aftertaste made product unusable.,122,Horrible Aftertaste
Horrid taste makes meal inedible.,269,Horrid Baby Food
The baby food flavor tastes nasty.,269,Horrid Baby Food
The baby food flavor tasted nasty.,269,Horrid Baby Food
Food tasted so bad that ice cream was needed.,269,Horrid Baby Food
Food's awful taste required ice cream afterwards.,269,Horrid Baby Food
Food tasted so bad it needed ice cream.,269,Horrid Baby Food
The coffee pods have a horrid flavor.,9,Horrid Flavor
The coffee pods have a horrid flavor.,9,Horrid Flavor
"The pods have a horrid, awful flavor.",9,Horrid Flavor
Inadequate shipping packaging causes repeated damage.,208,Inadequate Packaging
Items arrived loose instead of individually packaged.,208,Inadequate Packaging
Items arrived loose instead of packaged.,208,Inadequate Packaging
Inconsistent can quality with excessive fat.,27,Inconsistent Cans
"Stopped quality testing caused inconsistent, fatty cans.",27,Inconsistent Cans
"Inconsistent quality control caused fatty, problematic cans.",27,Inconsistent Cans
Inconsistent seasoning quality after restocking.,206,Inconsistent Seasoning
Inconsistent seasoning after restock due to cost-cutting.,206,Inconsistent Seasoning
Cost-cutting reduced seasoning quality after restock.,206,Inconsistent Seasoning
Incorrect listing stated pack of 6.,204,Incorrect Listing
Amazon listed the item incorrectly as a pack of six.,204,Incorrect Listing
Incorrect Amazon listing for pack of 6.,204,Incorrect Listing
Both cases of Kettle chips were inedible.,219,Inedible Chip Cases
Both cases of Kettle chips were inedible.,219,Inedible Chip Cases
Both cases of Kettle chips were thrown away.,219,Inedible Chip Cases
Kettle chips lost their crinkle cut texture.,219,Inedible Chip Cases
Chips lost crinkle cut and hefty texture.,219,Inedible Chip Cases
The dog food smells like cardboard and is inedible.,34,Inedible Dog Food
Dog food contains pesticides and grains.,34,Inedible Dog Food
Dog food caused vomiting and stomach pain.,34,Inedible Dog Food
Grains in dog food caused the negative review.,34,Inedible Dog Food
Grocery store dog food contains excessive fillers.,34,Inedible Dog Food
Ethoxyquin pesticide in food harmed dogs.,34,Inedible Dog Food
Food caused allergic reactions in dogs.,34,Inedible Dog Food
The dog disliked the layer of fat on top.,34,Inedible Dog Food
Inconsistent fat content caused dog diarrhea.,34,Inedible Dog Food
GF Bisquick pancakes were inedible and thrown away.,25,Inedible Pancakes
Gluten-free Bisquick pancakes tasted like pillow foam.,25,Inedible Pancakes
Pancake mix only marginally better than Bisquick.,25,Inedible Pancakes
"Thin batter produced bland, thin pancakes.",25,Inedible Pancakes
Pancakes are only marginally better than Bisquick.,25,Inedible Pancakes
Tea did not relieve itching throat and ear.,58,Ineffective Tea
Tea had no effect on sinus infection symptoms.,58,Ineffective Tea
Tea lacks flavor and tastes like dust.,58,Ineffective Tea
Tea failed to relieve sinus congestion.,58,Ineffective Tea
Decaffeinated tea has no flavor.,58,Ineffective Tea
Tea lacks body and has too much caffeine.,58,Ineffective Tea
Product failed to help with sleep.,97,Ineffective for Sleep
Product failed to improve sleep quality.,97,Ineffective for Sleep
The product didn't help with sleep issues.,97,Ineffective for Sleep
Quick cook wild rice has inferior taste.,121,Inferior Quick Rice
The rice flour is unpleasantly gritty.,121,Inferior Quick Rice
Quick cook rice has inferior taste compared to regular.,121,Inferior Quick Rice
Quick cook wild rice lacks taste quality.,121,Inferior Quick Rice
Quick cook wild rice lacks taste quality.,121,Inferior Quick Rice
Deceptive name due to corn flour ingredient.,121,Inferior Quick Rice
Deceptive labeling: corn flour overpowers brown rice taste.,121,Inferior Quick Rice
Deceptive labeling with corn flour overpowers brown rice taste.,121,Inferior Quick Rice
Product is inferior to Trader Joe's version.,118,Inferior to Competitor
Hershey's version lacks the original Cadbury formula.,118,Inferior to Competitor
Hershey's formula differs from authentic Cadbury.,118,Inferior to Competitor
"Hershey's Cadbury uses a different, inferior formula.",118,Inferior to Competitor
Item was too skinny despite correct length.,173,Item Too Skinny
"Item was too skinny, not as thick as expected.",173,Item Too Skinny
Item was smaller than described.,173,Item Too Skinny
The item was too skinny for the price.,173,Item Too Skinny
Item was too skinny despite correct length.,173,Item Too Skinny
Coffee lacked flavor and aroma.,21,Lacks Flavor Aroma
Coffee lacked flavor and aroma.,21,Lacks Flavor Aroma
Coffee is weak and lacks rich flavor.,21,Lacks Flavor Aroma
Coffee lacked flavor and aroma.,21,Lacks Flavor Aroma
Coffee lacks rich flavor and is weak.,21,Lacks Flavor Aroma
Missing two flavors and unbalanced coffee-to-tea ratio.,21,Lacks Flavor Aroma
Coffee is weak and lacks rich flavor.,21,Lacks Flavor Aroma
Coffee is weak and lacks rich flavor.,21,Lacks Flavor Aroma
Lacks richness and smoothness compared to Cafe Escapes.,1,Lacks Richness
Less chocolate flavor and thinner than Cafe Escapes.,1,Lacks Richness
Product less rich and smooth than Cafe Escapes.,1,Lacks Richness
Less rich and smooth than Cafe Escapes brand.,1,Lacks Richness
Product lacks richness and smoothness compared to Cafe Escapes.,1,Lacks Richness
Insufficient sour cream and onion flavor.,250,Lacks Sour Cream
Lack of sour cream and onion flavor.,250,Lacks Sour Cream
Sour taste and smell are excessively strong.,250,Lacks Sour Cream
Sour flavor and smell are overwhelmingly strong.,250,Lacks Sour Cream
Sour taste and smell are too strong.,250,Lacks Sour Cream
"Greasy, overly rich, and lacked jalapeno flavor.",211,Lacks Tabasco Flavor
Snack lacks Tabasco flavor and heat.,211,Lacks Tabasco Flavor
Snacks lacked Tabasco flavor and heat.,211,Lacks Tabasco Flavor
Less chocolate taste and thinner consistency.,168,Less Chocolate Thinner
Less chocolate taste and thinner consistency.,168,Less Chocolate Thinner
Inferior chocolate taste and thinner consistency than competitor.,168,Less Chocolate Thinner
Misleading packaging hides low-quality corn and by-product ingredients.,93,Low Quality Corn
"Corn Flakes are unhealthy, sugary, low-protein food.",93,Low Quality Corn
Corn Flakes lack real nutrition and are overpriced.,93,Low Quality Corn
"Low sugar content causes watery, weak flavor.",146,Low Sugar Watery
Watery taste due to low sugar content.,146,Low Sugar Watery
Excessive sugar content causes poor flavor.,146,Low Sugar Watery
Watery taste due to low sugar content.,146,Low Sugar Watery
Excessive sugar ruined flavor and quality.,146,Low Sugar Watery
Maltitol causes severe digestive side effects.,110,Maltitol Side Effects
Maltitol causes severe digestive side effects.,110,Maltitol Side Effects
Maltitol causes severe digestive side effects.,110,Maltitol Side Effects
Product tasted horrendously like chemicals.,264,Medicinal Chemical Taste
The graham sticks tasted like chemicals.,264,Medicinal Chemical Taste
Product tasted like medicinal cough syrup.,264,Medicinal Chemical Taste
Mediocre product not worth rebuying.,112,Mediocre Product
"Product is mediocre, not worth repurchasing.",112,Mediocre Product
Product is mediocre and not worth repurchasing.,112,Mediocre Product
Grove Square Hot Cocoa had a metallic aftertaste.,83,Metallic Cocoa Taste
The hot cocoa tasted like a chemical experiment.,83,Metallic Cocoa Taste
Grove Square Hot Cocoa had a metallic aftertaste.,83,Metallic Cocoa Taste
The hot cocoa tasted like a chemical experiment.,83,Metallic Cocoa Taste
Grove Square Hot Cocoa had a metallic aftertaste.,83,Metallic Cocoa Taste
Grove Square Hot Cocoa had a metallic aftertaste.,83,Metallic Cocoa Taste
The device produced insufficient volume with the microphone.,141,Microphone Failure
Product failed to transmit sound after single use.,141,Microphone Failure
Device malfunctioned after two hours of use.,141,Microphone Failure
Icicle device causes constant popping noises.,141,Microphone Failure
Hum from dynamic mics and cheap build.,141,Microphone Failure
Item had a constant high-pitched tone defect.,141,Microphone Failure
Defective unit caused excessive hissing and pops.,141,Microphone Failure
Insufficient gain for Shure SM57 microphone.,141,Microphone Failure
Insufficient preamp gain causes low recording levels.,141,Microphone Failure
No plain sugar available on Amazon.,117,Mislabeled Sugar
Product lists sugar as second ingredient.,117,Mislabeled Sugar
Turbinado sugar is actually dyed white sugar.,117,Mislabeled Sugar
"Sugar is dyed white crystals, not real turbinado.",117,Mislabeled Sugar
The sugar is artificially colored white crystals.,117,Mislabeled Sugar
Agave nectar has more calories than sugar.,117,Mislabeled Sugar
Misleading product size: 4oz bags not 20oz.,196,Misleading Bag Size
Advertised 20oz bag is actually 4oz.,196,Misleading Bag Size
"Misleading product size: 4 oz bags, not 20 oz.",196,Misleading Bag Size
Misleading product description: not DOP as pictured.,11,Misleading DOP Label
"Misleading photo showed DOP product, but received different item.",11,Misleading DOP Label
Misleading labels confuse D.O.P. and non-D.O.P. versions.,11,Misleading DOP Label
Product advertised as DOP but not.,11,Misleading DOP Label
Product advertised as DOP but not actually DOP.,11,Misleading DOP Label
Misleading image shows DOP certification.,11,Misleading DOP Label
Misleading label confuses DOP and non-DOP versions.,11,Misleading DOP Label
Misleading label causes confusion between DOP and non-DOP.,11,Misleading DOP Label
Photo showed DOP product but delivered different.,11,Misleading DOP Label
Product labeled 'not to be consumed' despite being marketed as edible.,178,Misleading Edibility
Product labeled inedible despite being marketed as edible.,178,Misleading Edibility
Product labeled non-edible despite being sold for food use.,178,Misleading Edibility
Misleading ingredient list includes non-mango juices.,155,Misleading Mango
Mango flavor does not taste like mango.,155,Misleading Mango
"Mango flavor tastes like licorice, not mango.",155,Misleading Mango
Mango flavor lacks mango taste and has licorice aftertaste.,155,Misleading Mango
"Adult buyer misled by packaging, price too high for kids.",92,Misleading Price
Description falsely claims 360g can for under $4.,92,Misleading Price
Description says 360g but price suggests 100g.,92,Misleading Price
Misleading free shipping offer led to extra fees.,79,Misleading Shipping
Misleading free shipping policy caused separate shipping charges.,79,Misleading Shipping
Paid three times more including shipping than in store.,79,Misleading Shipping
Misleading free shipping resulted in separate charges.,79,Misleading Shipping
Misleading product description and non-refundable policy.,127,Misleading Stale Product
Miniaturized product fails to match original quality.,127,Misleading Stale Product
Product is stale and misrepresented in description.,127,Misleading Stale Product
Product was misrepresented and poor quality.,127,Misleading Stale Product
Product too small and lacked enough icing.,127,Misleading Stale Product
Product was smaller than expected and lacked icing.,127,Misleading Stale Product
Product received lacked D.O.P. certification.,5,Missing DOP
Received product lacks stated D.O.P. certification.,5,Missing DOP
Product lacks promised D.O.P certification.,5,Missing DOP
Product shipped lacks D.O.P. certification as advertised.,5,Missing DOP
Product lacks advertised D.O.P. certification.,5,Missing DOP
Product not D.O.P certified as advertised.,5,Missing DOP
Product falsely advertised as D.O.P. certified.,5,Missing DOP
"Missing box packaging, not suitable for gifting.",201,Missing Gift Box
Shipped without cold packaging in summer.,201,Missing Gift Box
Received warehouse box instead of advertised gift box.,201,Missing Gift Box
Sent in a display box without outer packaging.,201,Missing Gift Box
Received warehouse box instead of advertised gift box.,201,Missing Gift Box
Display box used instead of proper shipping box.,201,Missing Gift Box
"Gift box expected, but got warehouse box.",201,Missing Gift Box
Missing ingredient list online caused misleading purchase.,179,Missing Ingredients Online
Displeased with the nutritional information.,179,Missing Ingredients Online
Website didn't list product ingredients.,179,Missing Ingredients Online
Missing ingredient list on product packaging.,179,Missing Ingredients Online
Amazon listed incorrect product ingredients and label.,179,Missing Ingredients Online
"Missing cooking instructions caused mushy, tasteless couscous.",223,Missing Instructions
Missing cooking instructions caused mushy couscous.,223,Missing Instructions
Missing cooking instructions caused mushy tasteless couscous.,223,Missing Instructions
Original Beer Nuts flavor is missing.,188,Missing Original Flavor
The original Beer Nuts flavor is nearly absent.,188,Missing Original Flavor
Original Beer Nuts flavor is nearly absent.,188,Missing Original Flavor
Coating and flavoring were missing from nuts.,188,Missing Original Flavor
Lack of clear sugar-free labeling.,137,Missing Sugar-Free Label
Unappealing sugar water with unsustainable packaging.,137,Missing Sugar-Free Label
Unappealing sugar water with excessive packaging waste.,137,Missing Sugar-Free Label
Lack of unit pricing prevents price comparison.,86,Missing Unit Price
Hidden price per unit prevents comparison.,86,Missing Unit Price
Missing price per unit for comparison.,86,Missing Unit Price
Moldy taste due to a bad batch.,257,Moldy Batch
Tastes moldy due to bad batch.,257,Moldy Batch
Bad batch caused moldy taste.,257,Moldy Batch
Poor mushy texture and unappealing taste.,246,Mushy Unappealing
Poor texture and taste made it unpalatable.,246,Mushy Unappealing
Texture and taste were mushy and pasty.,246,Mushy Unappealing
Poor taste and texture made them inedible.,246,Mushy Unappealing
"New formula is disgusting, causing cancellation.",125,New Formula Disgust
"New formula disgusting, causing subscription cancellation.",125,New Formula Disgust
New formula change caused subscription cancellation.,125,New Formula Disgust
"New formula tastes disgusting, causing subscription cancellation.",125,New Formula Disgust
Lack of cheese flavor in the puff.,165,No Cheese Flavor
No cheese flavor in the puff.,165,No Cheese Flavor
"Cheese puff lacks flavor, child rejects it.",165,No Cheese Flavor
No cheese flavor in the puff.,165,No Cheese Flavor
"No chocolate flavor, just artificial sweetener taste.",148,No Chocolate Flavor
"Flavor tastes like fake sweetener, not chocolate.",148,No Chocolate Flavor
Product lacks chocolate flavor and has fake sugar taste.,148,No Chocolate Flavor
The hot chocolate lacks any cocoa flavor.,52,No Cocoa Flavor
Hot chocolate lacks cocoa flavor.,52,No Cocoa Flavor
The hot chocolate lacks any chocolate flavor.,52,No Cocoa Flavor
K-cup hot chocolate lacks any cocoa flavor.,52,No Cocoa Flavor
Dark hot cocoa lacked real chocolate flavor.,52,No Cocoa Flavor
The hot chocolate lacks any cocoa flavor.,52,No Cocoa Flavor
Dark hot cocoa lacked real chocolate flavor.,52,No Cocoa Flavor
The hot chocolate lacks cocoa flavor.,52,No Cocoa Flavor
The hot chocolate has no chocolate flavor.,52,No Cocoa Flavor
The hot chocolate lacks any cocoa flavor.,52,No Cocoa Flavor
The coconut product had virtually no flavor.,217,No Coconut Flavor
The coconut cream was virtually tasteless.,217,No Coconut Flavor
The coconut product lacked flavor.,217,No Coconut Flavor
The coconut shreds had virtually no flavor.,217,No Coconut Flavor
The tea has no flavor.,70,No Flavor Tea
Tea has terrible flavor and moldy aftertaste.,70,No Flavor Tea
The tea lacks detectable prickly pear flavor.,70,No Flavor Tea
"The product lacks heat despite having ""habanero"" in its name.",198,No Habanero Heat
The product lacks heat despite promising habanero spiciness.,198,No Habanero Heat
The sauce lacks heat despite being named habanero.,198,No Habanero Heat
"No tea flavor, just artificial taste.",65,No Tea Flavor
"No tea flavor, only artificial flavors.",65,No Tea Flavor
"Artificial flavors, no tea taste.",65,No Tea Flavor
Herbal additives destroy the real tea taste.,65,No Tea Flavor
Toy is not durable enough for dogs.,24,Non-Durable Dog Toy
The toy is not durable for dogs.,24,Non-Durable Dog Toy
Toy lacks durability for dog play.,24,Non-Durable Dog Toy
Main ingredient is non-organic hormone-pumped chicken.,144,Non-Organic Chicken
Chicken meal contains 4-D chickens and waste products.,144,Non-Organic Chicken
Main ingredient chicken is not organic.,144,Non-Organic Chicken
Misleading organic label when meat is not organic.,144,Non-Organic Chicken
Product labeled organic but chicken is not organic.,144,Non-Organic Chicken
Contains chicken meal and by-product ingredients.,144,Non-Organic Chicken
The chicken is not organic.,144,Non-Organic Chicken
"Product is not authentic DOP, only certified.",10,Not Authentic DOP
Misleading image shows false D.O.P. certification.,10,Not Authentic DOP
Product lacks authentic DOP certification.,10,Not Authentic DOP
Product received mismatched DOP certification labeling.,10,Not Authentic DOP
Product lacks authentic DOP certification.,10,Not Authentic DOP
Advertised DOP certification not matching shipped product.,10,Not Authentic DOP
Photo falsely advertised DOP certification.,10,Not Authentic DOP
Product was never delivered to customer.,55,Not Delivered
Product was never delivered to customer.,55,Not Delivered
Product never received by customer.,55,Not Delivered
The tea from Amazon is not the original.,40,Not Original Tea
The new tea differs from the original black box version.,40,Not Original Tea
The tea is not the same as the original.,40,Not Original Tea
Product does not resemble peanut satay.,143,Not Peanut Satay
Product doesn't taste like authentic peanut satay.,143,Not Peanut Satay
Mislabeled: jumbo salted peanuts were small unsalted.,143,Not Peanut Satay
Product incorrectly labeled as jumbo salted.,143,Not Peanut Satay
The product was mislabeled as jumbo salted peanuts.,143,Not Peanut Satay
Product doesn't taste like peanut satay.,143,Not Peanut Satay
Product does not taste like peanut satay.,143,Not Peanut Satay
Taste does not resemble Thai food and calorie count is misleading.,143,Not Peanut Satay
Product not spicy as advertised.,199,Not Spicy Enough
Product advertised as hot but not spicy.,199,Not Spicy Enough
"Hot sauce is mostly jalapeños, not hot or tasty.",199,Not Spicy Enough
"It lacks heat and flavor, mostly jalapeños.",199,Not Spicy Enough
Off-taste made the coffee undrinkable.,35,Off-Taste Coffee
Bad off taste made coffee undrinkable.,35,Off-Taste Coffee
Bad off taste made the coffee undrinkable.,35,Off-Taste Coffee
Bad smell and taste make coffee undrinkable.,35,Off-Taste Coffee
Coffee is watery and likely stale.,35,Off-Taste Coffee
The coffee had a bad off taste.,35,Off-Taste Coffee
The coffee tastes stale compared to the event.,35,Off-Taste Coffee
The coffee tasted stale.,35,Off-Taste Coffee
Suspected poisoning from Chinese-made treats.,244,Offensive Smell
Food had a very offensive smell.,244,Offensive Smell
Offensive smell from product caused workplace complaint.,244,Offensive Smell
Offensive smell caused workplace complaint.,244,Offensive Smell
Faulty rubber gasket caused chemical smell.,244,Offensive Smell
Defective lid gasket causes chemical rubber odor.,244,Offensive Smell
Faulty rubber gasket caused chemical smell.,244,Offensive Smell
Product had rotten fruits and foul smell.,244,Offensive Smell
Fruits arrived rotten and foul-smelling.,244,Offensive Smell
Contaminated fruit caused oral infection despite clean cans.,244,Offensive Smell
Cheaper ingredients made bars oily and bland.,54,Oily Bland Bars
Cheaper ingredients made the bars unpalatable.,54,Oily Bland Bars
Bar tastes like chalk with zero flavor.,54,Oily Bland Bars
Chalky taste and texture make bar disgusting.,54,Oily Bland Bars
The bar tastes like disgusting chalk powder.,54,Oily Bland Bars
Excessive fat in recipe causes oily brownies.,231,Oily Brownies
Excessive fat and coarse texture cause oily brownies.,231,Oily Brownies
Excessive oiliness and overwhelming oil taste.,231,Oily Brownies
Too oily with overwhelming oil taste.,231,Oily Brownies
"Oily and flavorless taste, lacked spice.",214,Oily Flavorless
"Taste was oily, flavorless, and lacked spice.",214,Oily Flavorless
"Taste was oily, flavorless, and lacked spice.",214,Oily Flavorless
Dates were old and tasted like leather.,220,Old Leathery Dates
Dates were hard and stale.,220,Old Leathery Dates
The dates were old and dried out.,220,Old Leathery Dates
"Old, dried dates tasted like leather.",220,Old Leathery Dates
The dates were stale and rock-hard.,220,Old Leathery Dates
The dates were stale and rock-hard.,220,Old Leathery Dates
"Customer overlooked the word ""supreme"" when ordering.",126,Ordering Mistake
"Customer failed to notice ""supreme"" in the product listing.",126,Ordering Mistake
"Customer overlooked ""supreme"" in product title.",126,Ordering Mistake
Product not in advertised resealable tub.,-1,Other
Extremely bitter taste even after adding sugar.,-1,Other
The hot cocoa K-cups tasted worse than instant.,-1,Other
Taste does not resemble real cocoa.,-1,Other
Seller shipped with insufficient postage.,-1,Other
Poorly designed mix lacks sugar and moisture.,-1,Other
Undisclosed sucralose caused headache and artificial taste.,-1,Other
Horrendous chemical taste of the product.,-1,Other
Instant cocoa is watery and tastes like sweet water.,-1,Other
Artificial sweetener aftertaste ruins the hot chocolate.,-1,Other
Combining two orders into one box caused damage.,-1,Other
Product not as expected for guests.,-1,Other
Sucralose aftertaste made the product unenjoyable.,-1,Other
Artificial sweetener taste and weak chocolate flavor.,-1,Other
They are hard to cut and break apart.,-1,Other
Watery and artificial taste due to low quality.,-1,Other
Artificial sweetener and watery texture ruin the flavor.,-1,Other
Product's sugar-free nature was not disclosed.,-1,Other
The product may be expired or out of date.,-1,Other
The product had no flavor and tasted watered down.,-1,Other
Damaged product and unhelpful customer service.,-1,Other
The K-cup hot cocoa mix tasted terrible.,-1,Other
Lack of sugar and moisture ingredients.,-1,Other
"Low sugar causes watery, weak chocolate flavor.",-1,Other
Artificial sweetener taste overpowered the chocolate.,-1,Other
Inconsistent flavor across different product lots.,-1,Other
Expired product arrived as biscuit crumbs.,-1,Other
"Tastes like raw, squishy cookie dough.",-1,Other
Waffle mix is overpriced and disappointing.,-1,Other
Poor quality ingredients caused disappointment.,-1,Other
Aluminum and sugar undermine product's healthiness.,-1,Other
The product tastes like chalk from southern France.,-1,Other
Box recipe requires too much fat.,-1,Other
Cocoa is watery brown sugar water.,-1,Other
"Weak, watery hot chocolate with artificial sweetener taste.",-1,Other
"The mix requires eggs and milk, not truly dairy-free.",-1,Other
"Chocolate flavor too weak, sweetener too intense.",-1,Other
Description omitted that cocoa is sugar-free.,-1,Other
High sugar content ruins savory dishes.,-1,Other
The product is overpriced and tastes mediocre.,-1,Other
Received unlabeled plastic bag instead of advertised tub.,-1,Other
"The product has a strong, unpleasant fake sugar taste.",-1,Other
Product is artificially sweetened hot cocoa mix.,-1,Other
Artificial sweetener flavor ruined the chocolate taste.,-1,Other
Poorly designed mix lacks sugar and moisture.,-1,Other
The drink is weak and lacks cocoa flavor.,-1,Other
Incorrect substitution and unbalanced flavor assortment.,-1,Other
Tastes processed and fake despite high price.,-1,Other
Misleading label for D.O.P. and non-D.O.P. tomatoes.,-1,Other
11 cans arrived with serious dents.,-1,Other
Chalky taste due to limited capsule ingredients.,-1,Other
Modified product lacks quality of original.,-1,Other
Artificial sweetener sucralose caused strong aftertaste.,-1,Other
Artificial sweetener taste and lack of chocolate flavor.,-1,Other
"Product had an unpleasant, funny taste.",-1,Other
Artificial sweetener leaves a fake sugar aftertaste.,-1,Other
Poor nutritional value and high price.,-1,Other
Sugar substitute aftertaste ruins the drink.,-1,Other
Product tastes bitter like artificial sweetener.,-1,Other
Misleading product image shows false certification.,-1,Other
Misunderstood listing: thought it was 3 boxes.,-1,Other
Overpriced imitation of an existing product.,-1,Other
Artificial sweetener sucralose caused unpleasant aftertaste.,-1,Other
Product contains hidden sucralose despite no diet label.,-1,Other
Product tasted funny and was rejected.,-1,Other
Product tastes watered down and overly sweet.,-1,Other
Cans were badly bent and warped.,-1,Other
Cigars were stale and rock-hard.,-1,Other
Tasteless sugar water with wasteful packaging.,-1,Other
Misleading packaging shows more crackers than inside.,-1,Other
Received substitute flavor instead of desired discontinued chips.,-1,Other
Received wrong flavor substitution for discontinued chip.,-1,Other
"The frosting is a gluey, tacky mess.",-1,Other
"Gluey, tacky texture ruined the frosting.",-1,Other
Plastic pieces found in baby food.,-1,Other
Misunderstanding over quantity of cereal boxes.,-1,Other
Misunderstood listing; thought it was 3 boxes.,-1,Other
Stale or old trays caused customer disappointment.,-1,Other
Stale product caused hard texture and weak flavor.,-1,Other
"The soup is mainly starch, not a real meal.",-1,Other
"Mostly decaf, only two flavored cups.",-1,Other
Felidae kibble caused vomiting and diarrhea.,-1,Other
All-natural kibble caused digestive upset.,-1,Other
Plastic container imparts crayon taste to oil.,-1,Other
Plastic container imparts crayon aftertaste.,-1,Other
Plastic container causes crayon aftertaste.,-1,Other
Greasy chips with no jalapeno flavor.,-1,Other
Chips were greasy and lacked jalapeno flavor.,-1,Other
Extreme saltiness caused lip and mouth peeling.,-1,Other
Chips are too oily with overwhelming oil taste.,-1,Other
Insufficient yellow frosting with poor adhesion.,-1,Other
Plastic pieces found in baby food jars.,-1,Other
Plastic pieces found in baby food jars.,-1,Other
The product was spoiled and expired.,-1,Other
Reviewer dislikes the taste of caviar.,-1,Other
Artificial ingredients made it unappetizing.,-1,Other
"Taste not appealing, like Munchos.",-1,Other
The chips are too salty to finish.,-1,Other
"The gummies had a strange, unappealing flavor.",-1,Other
Received mostly decaf instead of regular Donut Shop.,-1,Other
"Chips are stale, rancid, and lack salt.",-1,Other
Frosting had crusty and gelatinous texture.,-1,Other
Plastic contamination in baby food.,-1,Other
Plastic bits found in baby food.,-1,Other
Plastic contamination found in baby food product.,-1,Other
Flavor coating was too thick and gritty.,-1,Other
Fat-free ranch dressing tastes awful to husband.,-1,Other
Husband disliked the fat-free ranch dressing taste.,-1,Other
Product advertised 144 packets but only 12 received.,-1,Other
Product listing claims 144 packets but only 12 received.,-1,Other
Bait and switch: received wrong drinks instead of ordered.,-1,Other
Order contained missing flavors and unbalanced ratio.,-1,Other
Cans were dented during shipping.,-1,Other
Oily and flavorless taste with insufficient spice.,-1,Other
Items not packaged as shown.,-1,Other
Cherry flavor tastes medicinal like Robitussin.,-1,Other
Cherry flavor tastes medicinal.,-1,Other
"The soup is overwhelmingly spicy, killing all flavor.",-1,Other
US acquisition altered recipe and quality.,-1,Other
Bad potato quality causes inconsistent chips.,-1,Other
Inconsistent potato quality produces sour batches.,-1,Other
Old or sour potatoes cause inconsistent quality.,-1,Other
The product has absolutely no taste.,-1,Other
Deceptive hiding of MSG and excessive packaging air.,-1,Other
Poor packaging led to repeatedly broken cookies.,-1,Other
Poor packaging caused cookies to arrive broken.,-1,Other
Excessive fat makes cookies greasy and fall apart.,-1,Other
Vendor steals others' cultures and claims them.,-1,Other
Stale and inedible food from Amazon.,-1,Other
Calorie information was hidden until after purchase.,-1,Other
All cans arrived dented and lacked DOP certification.,-1,Other
The tea's quality has drastically declined.,-1,Other
Product quality has significantly declined over time.,-1,Other
The gift basket items were stale and old.,-1,Other
Yeast extract is mislabeled MSG in chips.,-1,Other
Sample and retail product quality differed.,-1,Other
Poor quality meat at inflated prices.,-1,Other
"The product contains yeast extract despite its ""all natural"" claim.",-1,Other
Deceptive product description and inaccurate dimensions.,-1,Other
Chips are too expensive for their small size.,-1,Other
Ran out of money to buy more Penta water.,74,Out of Money
Customer couldn't afford to buy more Penta.,74,Out of Money
Ran out of money before next shipment.,74,Out of Money
Ran out of money before reordering PENTA.,74,Out of Money
Chips were overcooked in this order.,235,Overcooked Chips
Chips from this order were overcooked.,235,Overcooked Chips
Chips were overcooked in this order.,235,Overcooked Chips
Chips were consistently overcooked and dark.,235,Overcooked Chips
Chips were overcooked and too hard.,235,Overcooked Chips
Chips are consistently overcooked and too dark.,235,Overcooked Chips
Majority of chips were over-fried and burnt.,235,Overcooked Chips
Over-fried chips in over half the bag.,235,Overcooked Chips
Chips are over-fried and brown in color.,235,Overcooked Chips
Overpowering artificial sweetener taste ruined chocolate flavor.,182,Overpowering Sweetener
Artificial sweetener and weak chocolate flavor.,182,Overpowering Sweetener
Artificial sweetener taste overpowers chocolate flavor.,182,Overpowering Sweetener
Artificial sweetener and lack of chocolate flavor.,182,Overpowering Sweetener
Chocolate in cookies caused a medicinal taste.,182,Overpowering Sweetener
Chocolate gives cookies a medicinal taste.,182,Overpowering Sweetener
Chocolate makes cookies taste medicinal.,182,Overpowering Sweetener
Condiments are overpriced and taste terrible.,195,Overpriced Condiments
Condiments are overpriced and taste terrible.,195,Overpriced Condiments
Condiments taste bad and are overpriced.,195,Overpriced Condiments
Overpriced for a small bag of hard crumbs.,159,Overpriced Small Bag
"Overpriced, unhealthy alternative to cheaper options.",159,Overpriced Small Bag
Pop Chips are an overpriced version of Munchos.,159,Overpriced Small Bag
Overpriced compared to similar Munchos chips.,159,Overpriced Small Bag
Product is overpriced compared to wholesale clubs.,103,Overpriced Wholesale
Price is far too high compared to competitors.,103,Overpriced Wholesale
Bulk pack is overpriced per ounce compared to sale.,103,Overpriced Wholesale
Product costs more than at alternative retailers.,103,Overpriced Wholesale
Price is overpriced compared to store prices.,103,Overpriced Wholesale
Price is higher than at Walmart or gas station.,102,Overpriced vs Store
Price is higher than grocery store price.,102,Overpriced vs Store
Cost per ounce is extremely high.,102,Overpriced vs Store
Overpriced compared to Walmart and gas station.,102,Overpriced vs Store
Bulk purchase is much more expensive per ounce.,102,Overpriced vs Store
Amazon's price is too high compared to Walmart.,102,Overpriced vs Store
Customer overpaid compared to local store price.,102,Overpriced vs Store
Amazon's price is excessively high compared to Walmart.,102,Overpriced vs Store
Amazon's price is too high compared to Walmart.,102,Overpriced vs Store
Amazon price is significantly higher than store price.,102,Overpriced vs Store
Price on Amazon is much higher than in stores.,102,Overpriced vs Store
American ownership ruined the chips' quality.,107,Ownership Ruined Chips
Company changed chip cut and texture.,107,Ownership Ruined Chips
Chinese manufacturing origin not clearly highlighted.,107,Ownership Ruined Chips
Product packaging does not match advertised picture.,191,Photo Mismatch
Product photo misrepresented the actual item delivered.,191,Photo Mismatch
Product does not match the advertised picture.,191,Photo Mismatch
Product appearance did not match images.,191,Photo Mismatch
Weight described does not match actual product.,191,Photo Mismatch
Product appearance did not match advertised image.,191,Photo Mismatch
Too much white pith causes bitterness.,0,Pith Bitterness
Excessive white pith causes bitterness and dilutes flavor.,0,Pith Bitterness
Excessive white pith causes bitterness in orange peel.,0,Pith Bitterness
Excessive white pith on orange peel causes bitterness.,0,Pith Bitterness
Too much white pith causes bitterness and dilutes flavor.,0,Pith Bitterness
Excessive white pith causes bitterness and dilutes zest.,0,Pith Bitterness
Excessive white pith causes bitterness.,0,Pith Bitterness
White pith makes orange peel overly bitter.,0,Pith Bitterness
Too much white pith causes bitterness.,0,Pith Bitterness
Watery and plastic-tasting hot chocolate.,95,Plastic Aftertaste
Hot chocolate cups have a plastic aftertaste.,95,Plastic Aftertaste
Watery consistency in both milk and dark chocolate.,95,Plastic Aftertaste
"Watery, plastic-tasting hot chocolate for Keurig.",95,Plastic Aftertaste
Watery hot chocolate with plastic aftertaste.,95,Plastic Aftertaste
Unpleasant plastic-like aftertaste in the hot chocolate.,95,Plastic Aftertaste
"Watery, plastic-tasting hot chocolate from poor brand.",95,Plastic Aftertaste
Watery hot chocolate with plastic aftertaste.,95,Plastic Aftertaste
Unpleasant aftertaste made hot chocolate undrinkable.,95,Plastic Aftertaste
The hot chocolate has a plastic-like aftertaste.,95,Plastic Aftertaste
Product was watery in both chocolate flavors.,95,Plastic Aftertaste
Watery and plastic-tasting hot chocolate.,95,Plastic Aftertaste
Strong plastic/chemical taste in the hot chocolate.,95,Plastic Aftertaste
Watery and plastic aftertaste ruined the hot chocolate.,95,Plastic Aftertaste
Horrible aftertaste ruins the hot chocolate.,95,Plastic Aftertaste
The hot chocolate cups have a plastic aftertaste.,95,Plastic Aftertaste
The hot chocolate was too watery.,95,Plastic Aftertaste
Strong plastic/chemical taste in hot chocolate.,95,Plastic Aftertaste
Product contained plastic pieces despite company's prior knowledge.,50,Plastic Contamination
Plastic pieces in baby food product.,50,Plastic Contamination
Inconsistent texture and color in baby food jars.,50,Plastic Contamination
Plastic pieces found in baby food jars.,50,Plastic Contamination
Plastic pieces found in baby food jars.,50,Plastic Contamination
Plastic pieces were found in two jars.,50,Plastic Contamination
Pointy bottle top prevents upside-down storage.,160,Pointy Bottle Top
Pointy bottle top prevents upside-down storage.,160,Pointy Bottle Top
Pointy bottle top prevents upside-down storage.,160,Pointy Bottle Top
Bags never close well.,209,Poor Bag Closure
Poor packaging causes mangled shipments each month.,209,Poor Bag Closure
Poor packaging caused opened bags and damage.,209,Poor Bag Closure
Poor packaging caused opened bags and grease stains.,209,Poor Bag Closure
Packaging failure caused opened bags and grease stains.,209,Poor Bag Closure
Weak seals on packaging cause spillage during shipping.,209,Poor Bag Closure
Packaging fails to stay sealed during shipping.,209,Poor Bag Closure
Poor packaging leads to bags unsealing during shipping.,209,Poor Bag Closure
Bags had holes due to poor quality control.,209,Poor Bag Closure
Holes in multiple bags indicate poor quality control.,209,Poor Bag Closure
Poor build quality causes early failure.,153,Poor Build Quality
Cheap plastic construction made it feel fragile.,153,Poor Build Quality
Internal design flaw causes intermittent failure.,153,Poor Build Quality
Poor design with missing user interface.,153,Poor Build Quality
Product fails after a few months due to cheap construction.,153,Poor Build Quality
Both units failed within a year.,153,Poor Build Quality
Flimsy build caused product failure after three months.,153,Poor Build Quality
Poor design and defective plastic cover.,153,Poor Build Quality
"Design flaws cause leaks, breakage, and frustration.",153,Poor Build Quality
Faulty o-ring seal causes water leaks.,153,Poor Build Quality
Faulty plastic cover design leads to spills and frustration.,153,Poor Build Quality
Poor design leads to leaks and instability.,153,Poor Build Quality
Poor quality and design flaws make it overpriced.,153,Poor Build Quality
Poor quality and design flaws cause multiple problems.,153,Poor Build Quality
Lollipops appearance differs from advertised image.,183,Poor Lollipops
"Lollipops were poor quality, broken, and misrepresented.",183,Poor Lollipops
Dispenser is poorly made and dysfunctional.,183,Poor Lollipops
Deceptive resale of inferior Oriental Trading Company lollipops.,183,Poor Lollipops
Lack of packaging makes product unappealing.,197,Poor Packaging Preservation
Original packaging fails to preserve freshness.,197,Poor Packaging Preservation
Missing individual packaging causes melting and sticking.,197,Poor Packaging Preservation
Lack of individual packaging causes melting and sticking.,197,Poor Packaging Preservation
Amazon's muffins were poor quality and undercounted.,80,Poor Quality Muffins
Tasteless and unlike real English muffins.,80,Poor Quality Muffins
The gluten-free muffin mix was too bitter.,80,Poor Quality Muffins
The muffins have a bitter taste.,80,Poor Quality Muffins
The muffin mix's taste and size were disappointing.,80,Poor Quality Muffins
Bitter aftertaste made the muffins barely edible.,80,Poor Quality Muffins
Bitterness of the gluten-free muffin mix.,80,Poor Quality Muffins
The muffins had a very bitter taste.,80,Poor Quality Muffins
The muffins have a bitter aftertaste.,80,Poor Quality Muffins
The muffins were too bitter to enjoy.,80,Poor Quality Muffins
The muffins had a bitter taste.,80,Poor Quality Muffins
Bitter aftertaste made muffins barely edible.,80,Poor Quality Muffins
The muffin was dry and disappointing.,80,Poor Quality Muffins
Muffin mix tastes of flour and sour cream.,80,Poor Quality Muffins
The muffin was dry and disappointing.,80,Poor Quality Muffins
Dry muffin led to disappointment.,80,Poor Quality Muffins
Laddoos spoiled quickly due to poor quality.,229,Quickly Spoiled
The laddoos had a short shelf life.,229,Quickly Spoiled
The laddoos spoiled quickly after delivery.,229,Quickly Spoiled
Product tasted rancid like flax oil.,230,Rancid Flax Taste
Rancid fishy/grassy taste from bad batch.,230,Rancid Flax Taste
Product had a rancid flax oil taste.,230,Rancid Flax Taste
"Rancid flax oil caused the fishy, grassy taste.",230,Rancid Flax Taste
Old oil or cheese flavoring causes rancid taste.,230,Rancid Flax Taste
Old oil or cheese flavoring caused rancid taste.,230,Rancid Flax Taste
Recipe change removed the spicy Thai flavor.,104,Recipe Change Lost Flavor
"Ingredients changed, key ginger removed.",104,Recipe Change Lost Flavor
Ingredient change removed ginger and lowered spice level.,104,Recipe Change Lost Flavor
"Seasoning reduced, resulting in bland taste.",207,Reduced Seasoning
The seasoning tastes like rancid powdered milk.,207,Reduced Seasoning
The product is tasteless and requires seasoning.,207,Reduced Seasoning
Product is tasteless and needs additional seasoning.,207,Reduced Seasoning
Reduced seasoning made chips taste bland.,227,Reduced Seasoning
"Seasoning was reduced, causing bland chips.",227,Reduced Seasoning
Chips' taste was personally unappealing.,227,Reduced Seasoning
Rancid sour cream seasoning made chips taste awful.,227,Reduced Seasoning
Rancid powdered sour cream seasoning ruined chips.,227,Reduced Seasoning
"Chips are stale, rancid, and flavorless.",227,Reduced Seasoning
"Chips taste stale, rancid, and like styrofoam.",227,Reduced Seasoning
Rancid oil or cheese flavoring ruined chips.,227,Reduced Seasoning
Recipe change made chips taste like regular chips.,227,Reduced Seasoning
Recipe change made chips taste like regular chips.,227,Reduced Seasoning
Overwhelming garlic taste made chips unlikable.,227,Reduced Seasoning
Overwhelming garlic taste ruined the chips.,227,Reduced Seasoning
US version tastes different from UK version.,237,Regional Taste Difference
US version tastes different from UK/Indian version.,237,Regional Taste Difference
US version tastes different from UK version.,237,Regional Taste Difference
Frosting had rubber cement consistency.,15,Rubber Cement Frosting
The frosting had a rubber cement consistency.,15,Rubber Cement Frosting
Frosting's gooey texture made it unusable.,15,Rubber Cement Frosting
Frosting slides off cake despite proper cooling.,15,Rubber Cement Frosting
Bumble Bee's takeover ruined the clam chowder quality.,98,Ruined Clam Chowder
Bumble Bee takeover ruined the chowder's quality.,98,Ruined Clam Chowder
Bumble Bee takeover ruined Snow's chowder quality.,98,Ruined Clam Chowder
Bumble Bee takeover ruined clam chowder quality.,98,Ruined Clam Chowder
The consistency is too runny for spoon.,114,Runny Consistency
Too runny consistency fails to stay on spoon.,114,Runny Consistency
Runny consistency causes it to not stay on spoon.,114,Runny Consistency
"Frosting had poor consistency, runny and sticky.",12,Runny Frosting
"Frosting had poor consistency, unusable for cake.",12,Runny Frosting
Frosting had consistency of rubber cement.,12,Runny Frosting
"Hard to use with inadequate, non-stick frosting.",12,Runny Frosting
Frosting consistency was too runny and sticky.,31,Runny Sticky Frosting
"Frosting has a gluey, tacky consistency.",31,Runny Sticky Frosting
"Frosting's thick, gooey texture was off-putting.",31,Runny Sticky Frosting
Frosting slides off cake due to poor consistency.,31,Runny Sticky Frosting
Product labeled sensitive skin contains SLS.,170,SLS in Sensitive Product
Sensitive skin product contains SLS ingredient.,170,SLS in Sensitive Product
"Sensitive skin product contains SLS, contradicting claim.",170,SLS in Sensitive Product
Different flavors all tasted the same.,242,Same Flavors
All flavors tasted identical.,242,Same Flavors
All flavors tasted identical to each other.,242,Same Flavors
Other flavors were just so-so.,242,Same Flavors
Sausages lack advertised heat or spiciness.,212,Sausages No Heat
Sausages tasted like cardboard and lacked snap.,212,Sausages No Heat
The caramels lacked the expected rich buttery dairy flavor.,212,Sausages No Heat
Caramels lacked rich buttery dairy flavor.,212,Sausages No Heat
Lacked rich buttery dairy caramel flavor.,212,Sausages No Heat
"Store removed non-summer items, disappointing customer.",234,Seasonal Disappointment
Product's flavor is unseasonal for summer.,234,Seasonal Disappointment
Removal of winter flavors caused customer disappointment.,234,Seasonal Disappointment
Seasonally inappropriate flavor disappointed the customer.,234,Seasonal Disappointment
"Business removed non-summer items, disappointing customer.",234,Seasonal Disappointment
Removal of non-summer seasonal drinks caused disappointment.,234,Seasonal Disappointment
Seasonal mismatch: eggnog and gingerbread in summer.,162,Seasonal Mismatch
Poor gingerbread quality causes breakage in shipping.,162,Seasonal Mismatch
Fragile gingerbread cracks during shipping.,162,Seasonal Mismatch
Poor gingerbread quality causes breakage during shipping.,162,Seasonal Mismatch
Substituted with irrelevant seasonal flavors instead of teas.,43,Seasonal Substitution
Package substituted with non-tea flavors.,43,Seasonal Substitution
Misleading substitution with non-tea flavors.,43,Seasonal Substitution
Substituted non-tea flavors for promised tea mix.,43,Seasonal Substitution
Shipping all cans in one large box caused denting.,57,Shipping Damage
Dented cans from shipping cause inconvenience.,57,Shipping Damage
Shipping all cans in one box caused dents and difficulty.,57,Shipping Damage
Dented cans forced returns or disposal.,57,Shipping Damage
"Cans arrived bent and warped, unusable.",57,Shipping Damage
Cans were badly bent and warped.,57,Shipping Damage
Dented cans from shipping on Amazon.,57,Shipping Damage
Corroded can interior caused safety concern.,57,Shipping Damage
Unexpected postage due and used packaging.,205,Shipping Packaging Issues
Shipping packaging is not sturdy enough.,205,Shipping Packaging Issues
Unexpected postage due and reused packaging.,205,Shipping Packaging Issues
Shipping packaging is too flimsy for transit.,205,Shipping Packaging Issues
Display box used for shipping caused chip damage.,205,Shipping Packaging Issues
Short energy duration not worth the price.,75,Short Energy Boost
Short-lived energy boost not worth cost.,75,Short Energy Boost
Short energy duration not worth cost.,75,Short Energy Boost
Received 1 instead of ordered 6.,203,Short Quantity
"Ordered 6 pack, received only one.",203,Short Quantity
Received only 1 stick instead of 6.,203,Short Quantity
Weak coffee with sickening aftertaste.,22,Sickening Aftertaste
Coffee too weak with sickening aftertaste.,22,Sickening Aftertaste
Coffee is weak with a sickening aftertaste.,22,Sickening Aftertaste
Weak coffee with sickening aftertaste.,22,Sickening Aftertaste
Item was smaller than described as large.,174,Smaller Than Described
Product was described as large but was too small.,174,Smaller Than Described
Misleading packaging shows far fewer crackers than expected.,174,Smaller Than Described
Misleading packaging exaggerates actual cracker quantity.,174,Smaller Than Described
Misleading ad overstates asparagus storage capacity.,174,Smaller Than Described
Dispenser was smaller than described.,174,Smaller Than Described
Deceptive packaging exaggerates product size and quantity.,174,Smaller Than Described
Misleading packaging exaggerates product size with air.,174,Smaller Than Described
Product size is much smaller than packaging suggests.,174,Smaller Than Described
Tea tastes like unpleasant second hand smoke.,69,Smoke Tainted Tea
"Tea has no flavor, just hot water.",69,Smoke Tainted Tea
Herbal additives destroy real tea taste.,69,Smoke Tainted Tea
Chemical taste and smell unlike real tea.,69,Smoke Tainted Tea
"Tea tastes and smells chemical, not like tea.",69,Smoke Tainted Tea
"Chemical taste and smell, not like tea.",69,Smoke Tainted Tea
Tea tastes terrible with a moldy aftertaste.,69,Smoke Tainted Tea
Expiration date too soon after purchase.,254,Soon Expiration
Stale product due to suspected falsified expiration dates.,254,Soon Expiration
Expiration date is too soon after purchase.,254,Soon Expiration
Product expires too soon after purchase.,254,Soon Expiration
Product had an expired 'Use By' date.,254,Soon Expiration
Expired use-by date on the product.,254,Soon Expiration
Hot cocoa has a strange sour milk aftertaste.,100,Sour Milk Aftertaste
Hot cocoa has a sour milk aftertaste.,100,Sour Milk Aftertaste
The hot cocoa has a sour milk aftertaste.,100,Sour Milk Aftertaste
Received wrong product containing soy allergen.,77,Soy Allergen Issue
Received wrong crackers containing soy.,77,Soy Allergen Issue
Received wrong product containing soy.,77,Soy Allergen Issue
Received wrong crackers containing soy.,77,Soy Allergen Issue
"Beans were stale, lacking oil.",4,Stale Beans
The coffee beans were not fresh.,4,Stale Beans
Coffee beans were not fresh and lacked oil.,4,Stale Beans
The beans were too old to cook.,4,Stale Beans
Beans were too old to cook.,4,Stale Beans
Beans were old and past their prime.,4,Stale Beans
Product was stale despite not being expired.,249,Stale But Not Expired
Expired candy not as described.,249,Stale But Not Expired
Stale product upon arrival made them inedible.,249,Stale But Not Expired
The product arrived stale and inedible.,249,Stale But Not Expired
"Received stale, unedible product from Amazon.",249,Stale But Not Expired
Stale product from Amazon was inedible.,249,Stale But Not Expired
Cigars arrived cracked and stale.,67,Stale Cracked Cigars
Cigars were stale and cracked upon arrival.,67,Stale Cracked Cigars
The gum cigars were hard and too sweet.,67,Stale Cracked Cigars
Cigars arrived cracked and stale.,67,Stale Cracked Cigars
"Cracked and stale cigars, unfit for consumption.",67,Stale Cracked Cigars
Cracker Jacks were stale despite unexpired date.,41,Stale Cracker Jacks
Stale Cracker Jacks tasted like cardboard.,41,Stale Cracker Jacks
The cracker jacks were stale.,41,Stale Cracker Jacks
The Cracker Jacks were stale and cardboard-like.,41,Stale Cracker Jacks
The cracker jacks were stale.,41,Stale Cracker Jacks
Cracker Jacks were stale and cardboard-like.,41,Stale Cracker Jacks
Cracker jacks were stale and disappointing.,41,Stale Cracker Jacks
"Stale nuts and hard, chewy fruits.",236,Stale Nuts Fruit
Nuts and fruit were stale and hard upon opening.,236,Stale Nuts Fruit
Nuts stale and fruit hard upon opening.,236,Stale Nuts Fruit
Candy is stale and not as described.,236,Stale Nuts Fruit
The pop-tart was stale and tasted awful.,224,Stale Pop-Tart
The pop-tart was stale upon opening.,224,Stale Pop-Tart
Stale Pop-Tart left an awful taste.,224,Stale Pop-Tart
Stale coffee was the main issue.,23,Stale Watery Coffee
Coffee was too weak and watery.,23,Stale Watery Coffee
Coffee was too weak and watery.,23,Stale Watery Coffee
The coffee was weak and watery.,23,Stale Watery Coffee
"Coffee is watery, thin, and possibly old.",23,Stale Watery Coffee
Premium coffee tasted watery and thin.,23,Stale Watery Coffee
Strong sucralose taste ruins chocolate flavor.,37,Sucralose Overpowering
Sucralose sweetener causes overly sweet and weak cocoa.,37,Sucralose Overpowering
Strong sucralose taste ruins chocolate flavor.,37,Sucralose Overpowering
Strong sucralose taste ruins chocolate flavor.,37,Sucralose Overpowering
Strong sucralose taste ruins the chocolate flavor.,37,Sucralose Overpowering
Weak chocolate flavor and overly sweet sucralose.,37,Sucralose Overpowering
Sugar free candy causes loose bowels.,105,Sugar Free Diarrhea
Candy's sugar alcohol content causes diarrhea.,105,Sugar Free Diarrhea
Sugar-free candy causes loose bowels.,105,Sugar Free Diarrhea
Stale boxes with suspect expiration dates.,255,Suspicious Expiration
Stale and not crunchy despite valid expiration date.,255,Suspicious Expiration
Stale product due to suspected date tampering.,255,Suspicious Expiration
Stale product arrived after 6 days.,255,Suspicious Expiration
Short expiration dates cause seeds to go rancid.,255,Suspicious Expiration
Short expiration dates risk seeds going rancid.,255,Suspicious Expiration
Unpleasant artificial sweetener aftertaste ruins the hot cocoa.,82,Sweetener Aftertaste
Cocoa is watery and has an aftertaste.,82,Sweetener Aftertaste
Watery with artificial sweetener and minimal cocoa flavor.,82,Sweetener Aftertaste
Disliked artificial sweetener aftertaste in sugar-free cocoa.,82,Sweetener Aftertaste
Cocoa is watery brown sugar water with aftertaste.,82,Sweetener Aftertaste
Artificial sweetener aftertaste is the main issue.,147,Sweetener Aftertaste
Artificial sweetener caused an unwanted aftertaste.,147,Sweetener Aftertaste
Artificial sweetener aftertaste is off-putting.,147,Sweetener Aftertaste
The artificial sweetener aftertaste is the main issue.,147,Sweetener Aftertaste
Unexpected artificial sweetener caused bad aftertaste.,147,Sweetener Aftertaste
Artificial sweetener's aftertaste ruined the product.,147,Sweetener Aftertaste
Artificial sweetener alters human cell shape.,140,Sweetener Health Claim
Artificial sweetener ruined the taste.,140,Sweetener Health Claim
Artificial sweeteners claimed to change human cell shape.,140,Sweetener Health Claim
Artificial sweeteners change human cell shape.,140,Sweetener Health Claim
Artificial sweetener made it overly sweet.,140,Sweetener Health Claim
Artificial sweeteners may alter human cell shape.,140,Sweetener Health Claim
Artificial sweetener ruins the taste of sweet hot chocolate.,181,Sweetener Ruins Cocoa
Artificial sweetener overpowered the chocolate flavor.,181,Sweetener Ruins Cocoa
Artificial sweetener ruined the hot chocolate flavor.,181,Sweetener Ruins Cocoa
Artificial sweetener taste overpowered the chocolate flavor.,181,Sweetener Ruins Cocoa
Product tastes identical to tap water.,64,Tastes Like Tap Water
Product tastes identical to tap water.,64,Tastes Like Tap Water
Product tastes identical to plain tap water.,64,Tastes Like Tap Water
Talking Rain tastes identical to tap water.,64,Tastes Like Tap Water
Water contains impurities that cloud hot tea.,47,Teabag Quality Issues
Flimsy teabag material causes tearing.,47,Teabag Quality Issues
The tea balls fall apart in hot water.,47,Teabag Quality Issues
Tea balls disintegrate in hot water.,47,Teabag Quality Issues
Poor teabag material causes tearing.,47,Teabag Quality Issues
Teabag material is flimsy and tears easily.,47,Teabag Quality Issues
Overpriced product with terrible taste.,194,Terrible Taste High Price
Taste is bad and price is high.,194,Terrible Taste High Price
Terrible taste and high cost.,194,Terrible Taste High Price
Frosting texture is thick and gooey.,32,Thick Gooey Frosting
Frosting was insufficient and didn't stick well.,32,Thick Gooey Frosting
The frosting was crusty and gelatinous.,32,Thick Gooey Frosting
The Hodgson bread mix is too dry.,85,Too Dry Mix
The Hodgson bread mix is too dry.,85,Too Dry Mix
The bread mix is too dry.,85,Too Dry Mix
White bread is flavorless and not full-bodied.,85,Too Dry Mix
The chips are too greasy.,252,Too Greasy Salty
Chips were excessively salty for all tasters.,252,Too Greasy Salty
The chips were excessively salty.,252,Too Greasy Salty
Sampler pack contained mostly decaf and few flavors.,3,Too Many Decaf
Sampler had too many decaf pods.,3,Too Many Decaf
Too many decaf K-cups in sampler.,3,Too Many Decaf
Sampler pack had too many decaf cups and few flavored.,3,Too Many Decaf
Sampler contained too many decaf K-Cups.,3,Too Many Decaf
Sampler had too many decaf K-Cups.,3,Too Many Decaf
Sampler pack had too much decaf.,3,Too Many Decaf
"Sampler pack lacked variety, mostly decaf.",3,Too Many Decaf
Popcorn not crispy and has too many hulls.,221,Too Many Hulls
Too many hulls and not crispy enough.,221,Too Many Hulls
Excessive hulls and lack of crispiness.,221,Too Many Hulls
Too much sugar and poor quality.,145,Too Much Sugar
Excessive grains and insufficient quality protein.,145,Too Much Sugar
Too much sugar and low quality.,145,Too Much Sugar
"Too much sugar, not enough rose flavor.",145,Too Much Sugar
Product too sweet due to sucralose.,59,Too Sweet Sucralose
Sucralose made the product sickly sweet.,59,Too Sweet Sucralose
Undisclosed sucralose in cups caused headache.,59,Too Sweet Sucralose
Sucralose makes all flavors sickly sweet.,59,Too Sweet Sucralose
Sucralose makes the product overly sweet.,59,Too Sweet Sucralose
Reviewer claims product contains toxic metals.,177,Toxic Metals Claim
Aluminum baking powder is considered toxic.,177,Toxic Metals Claim
Product not edible Disco Dust for baking.,177,Toxic Metals Claim
Product is not edible baking Disco Dust.,177,Toxic Metals Claim
Product not edible Disco Dust for baking.,177,Toxic Metals Claim
Contains hydrogenated oil (trans fat).,185,Trans Fat Content
Ingredients page omits trans fat as first ingredient.,185,Trans Fat Content
Hydrogenated oil (trans fat) in product.,185,Trans Fat Content
The small tins are underfilled.,184,Underfilled Containers
Products are underfilled in small containers.,184,Underfilled Containers
"Containers are underfilled, deceiving customers.",184,Underfilled Containers
Unexpected Sucralose in non-diet product.,60,Undisclosed Sweetener
Sucralose not labeled on front of box.,60,Undisclosed Sweetener
Product contains unwanted sucralose.,60,Undisclosed Sweetener
Sucralose in product caused negative review.,60,Undisclosed Sweetener
"Customer expected only mango, not a fruit blend.",154,Unexpected Fruit Blend
"Drink contains grape and pineapple, not just mango.",154,Unexpected Fruit Blend
"Product contains grape and pineapple, not just mango.",154,Unexpected Fruit Blend
"Pancake mix was potato starch, not expected.",19,Unexpected Pancake Mix
Pancakes had insufficient flavor without heavy toppings.,19,Unexpected Pancake Mix
"The fine crystalline mix creates dense, bland pancakes.",19,Unexpected Pancake Mix
"Pancakes are pale, hard, and tasteless.",19,Unexpected Pancake Mix
The pancake mix lacks sufficient sweetness and flavor.,19,Unexpected Pancake Mix
"Pancake mix produces thin, bland batter.",19,Unexpected Pancake Mix
The pancake mix is completely flavorless.,19,Unexpected Pancake Mix
The pancake mix lacks flavor and sugar.,19,Unexpected Pancake Mix
Mix produces thin batter and bland pancakes.,19,Unexpected Pancake Mix
Poor packaging and syrup caused strange pancake taste.,19,Unexpected Pancake Mix
Mix yields flavorless pancakes despite additions.,19,Unexpected Pancake Mix
Packaging and syrup made pancakes taste strange.,19,Unexpected Pancake Mix
The pancake mix is bland and thin.,19,Unexpected Pancake Mix
The pancake mix has no flavor.,19,Unexpected Pancake Mix
The pancake mix itself is flavorless.,19,Unexpected Pancake Mix
The pancake mix tastes overly processed and fake.,19,Unexpected Pancake Mix
"The pancake mix has poor, unsweet flavor.",19,Unexpected Pancake Mix
The pancake mix tastes bad and cooks poorly.,19,Unexpected Pancake Mix
Excessive unhealthy ingredients and artificial additives.,175,Unhealthy Additives
Unhealthy ingredients like hydrogenated oil and artificial additives.,175,Unhealthy Additives
Product contains excessive artificial and unhealthy ingredients.,175,Unhealthy Additives
Disliked half the flavors in the assortment.,243,Unliked Assorted Flavors
Most flavors were not kid-friendly.,243,Unliked Assorted Flavors
Non-original flavors in variety pack were disgusting.,243,Unliked Assorted Flavors
Drink is an unappealing acquired taste.,180,Unpleasant Acquired Taste
The drink was nearly undrinkable and unpleasant.,180,Unpleasant Acquired Taste
The drink had a funny taste.,180,Unpleasant Acquired Taste
The drink's taste is unpleasant and hard to drink.,180,Unpleasant Acquired Taste
The drink was bland and not special.,180,Unpleasant Acquired Taste
"The beverage had a bland, unappealing taste.",180,Unpleasant Acquired Taste
The drink was bland and not special.,180,Unpleasant Acquired Taste
The drink was bland and unsweet.,180,Unpleasant Acquired Taste
"The drink has a bland, odd flavor.",180,Unpleasant Acquired Taste
Bland and unappealing taste of the drink.,180,Unpleasant Acquired Taste
The drink's taste and texture were unappealing.,180,Unpleasant Acquired Taste
Disliked the coffee's chicory taste.,36,Unpleasant Chicory
"The coffee had an unpleasant, bitter taste.",36,Unpleasant Chicory
The coffee's unpleasant flavor ruins the experience.,36,Unpleasant Chicory
The coffee tasted burnt and bitter.,36,Unpleasant Chicory
The coffee tasted like burnt toast.,36,Unpleasant Chicory
Unpleasant flavor overshadows the low-acid benefit.,134,Unpleasant Flavor
Added cane juice makes it taste unhealthy.,134,Unpleasant Flavor
Unpleasant flavor overrides the low-acid benefit.,134,Unpleasant Flavor
Superfluous added cane juice ruins the taste and healthiness.,134,Unpleasant Flavor
Added cane juice makes it taste unhealthy.,134,Unpleasant Flavor
Added cane juice ruins the coconut pineapple drink.,134,Unpleasant Flavor
Awful taste and no energy boost.,134,Unpleasant Flavor
The goji cacao maca flavor is unpleasant.,71,Unpleasant Superfood Mix
Goji cacao & maca flavor is awful.,71,Unpleasant Superfood Mix
The goji cacao & maca flavor is awful.,71,Unpleasant Superfood Mix
Goji cacao & maca flavor is unpleasantly disliked.,71,Unpleasant Superfood Mix
Artificial sweetener aftertaste made it unpleasant.,156,Unpleasant Sweetener
The artificial sweetener aftertaste was unpleasant.,156,Unpleasant Sweetener
Artificial sweetener aftertaste is unpleasant.,156,Unpleasant Sweetener
The taste of the product was unsatisfactory.,262,Unsatisfactory Taste
The taste was cheap and unpleasant.,262,Unsatisfactory Taste
The taste was mediocre and not worth it.,262,Unsatisfactory Taste
Poor packaging and syrup caused strange taste.,262,Unsatisfactory Taste
Coffee smells and tastes like vinegar.,29,Vinegar Taste
The coffee's smell and taste are disgusting.,29,Vinegar Taste
The coffee tastes and smells like vinegar.,29,Vinegar Taste
Coffee tastes like vinegar.,29,Vinegar Taste
"Coffee tastes like chemicals, not coffee.",29,Vinegar Taste
Coffee tastes like vinegar and is unpalatable.,29,Vinegar Taste
"Coffee tastes like chemicals, not coffee.",29,Vinegar Taste
"Tastes like chemicals, not coffee.",29,Vinegar Taste
Coffee tastes like burnt toast.,29,Vinegar Taste
The food tastes like vomit.,266,Vomit Taste
Food tastes like vomit.,266,Vomit Taste
The food tastes like vomit.,266,Vomit Taste
"Product lacks chocolate flavor, tastes like water.",169,Watery Chocolate
Too sweet and not chocolatey enough.,169,Watery Chocolate
Watered down chocolate taste due to poor quality.,169,Watery Chocolate
Too sweet and not chocolatey enough.,169,Watery Chocolate
"Watered down chocolate flavor, overly sweet.",169,Watery Chocolate
"Lacks chocolate flavor, tastes like colored water.",169,Watery Chocolate
Too sweet and lacks chocolate flavor.,169,Watery Chocolate
Watered-down chocolate taste with excessive sweetness.,169,Watery Chocolate
Insufficient chocolate flavor regardless of water ratio.,169,Watery Chocolate
"No chocolate flavor, just fake sugar taste.",169,Watery Chocolate
Overly sweet and lacks chocolate flavor.,169,Watery Chocolate
Overly sweet with little blueberry flavor.,169,Watery Chocolate
The item lacked flavor and was watery.,218,Watery Flavorless
Product lacked authentic taste and texture.,218,Watery Flavorless
Taste did not meet expectations.,218,Watery Flavorless
Product lacked expected taste and texture.,218,Watery Flavorless
Taste and size fell short of expectations.,218,Watery Flavorless
Product lacked authentic taste and texture.,218,Watery Flavorless
Hot chocolate K-Cups are watery and unsatisfying.,91,Watery Hot Chocolate
Insufficient chocolate in K-cup causes watered-down taste.,91,Watery Hot Chocolate
The chocolate K-cup drinks were too watery.,91,Watery Hot Chocolate
Keurig hot chocolate K-Cups are watery and grainy.,91,Watery Hot Chocolate
Not enough chocolate in the k-cup.,91,Watery Hot Chocolate
The K-cup hot chocolates tasted terrible.,91,Watery Hot Chocolate
The hot chocolate K-Cup is too watery.,91,Watery Hot Chocolate
K-cup contains too little chocolate for flavor.,91,Watery Hot Chocolate
Hot chocolate K-Cups are watery and grainy.,91,Watery Hot Chocolate
Insufficient chocolate in k-cup causes watery taste.,91,Watery Hot Chocolate
The product is too watery and lacks creaminess.,189,Watery Uncreamy
Defective product causes mushy texture and stomach aches.,189,Watery Uncreamy
Product is too watery and lacks flavor.,189,Watery Uncreamy
Too watery and lacks creaminess.,189,Watery Uncreamy
The drink is too watery and tasteless.,189,Watery Uncreamy
Too watery at recommended settings.,189,Watery Uncreamy
The product is too watery and tasteless.,189,Watery Uncreamy
"Weak flavor, not cocoa taste.",72,Weak Cocoa Flavor
Cocoa flavor does not match expected taste.,72,Weak Cocoa Flavor
Product lacks cocoa flavor and is weak.,72,Weak Cocoa Flavor
"Missing cocoa flavor, like sugar free Swiss Miss.",72,Weak Cocoa Flavor
Taste does not match expected cocoa flavor.,72,Weak Cocoa Flavor
Product lacks cocoa flavor and is too weak.,72,Weak Cocoa Flavor
Missing cocoa flavor is the root cause.,72,Weak Cocoa Flavor
Inferior taste compared to other raw cacao.,72,Weak Cocoa Flavor
Decaf pods produce weak coffee requiring two pods.,8,Weak Coffee Pods
"Pod contains too little coffee, causing weak brew.",8,Weak Coffee Pods
"Pods waste contents, defeating their purpose.",8,Weak Coffee Pods
Decaf pods produce insufficiently strong coffee.,8,Weak Coffee Pods
Insufficient coffee grounds in the pod.,8,Weak Coffee Pods
Pods fail to release all contents effectively.,8,Weak Coffee Pods
Decaf pods lack sufficient strength.,8,Weak Coffee Pods
Pod contains too little coffee grounds.,8,Weak Coffee Pods
Pods fail to dispense their full contents.,8,Weak Coffee Pods
Pods waste product by trapping contents inside.,8,Weak Coffee Pods
The pod is very difficult to open.,8,Weak Coffee Pods
Pod is too difficult to open without breaking.,8,Weak Coffee Pods
Flavor does not last long enough.,215,Weak Flavor Duration
The vanilla flavor is bland and lacks taste.,215,Weak Flavor Duration
Ginger flavor is overpowering and lacks distinction.,215,Weak Flavor Duration
The flavor is bland and undefinable.,215,Weak Flavor Duration
Overwhelming spiciness kills the flavor.,215,Weak Flavor Duration
"Melitta pods produce weak, tasteless coffee.",20,Weak Melitta Pods
"Melitta pods produce weak, tasteless coffee.",20,Weak Melitta Pods
"Melitta pods produce weak, tasteless coffee.",20,Weak Melitta Pods
Mints are too weak to freshen breath.,49,Weak Mints
Mints are too weak and small for breath freshening.,49,Weak Mints
Too weak to effectively freshen breath.,49,Weak Mints
Software incompatible with Windows 7.,128,Windows 7 Incompatible
The Icicle is incompatible with Windows 7.,128,Windows 7 Incompatible
Blue failed to provide a working Windows 7 driver.,128,Windows 7 Incompatible
Firmware incompatible with Windows 7.,128,Windows 7 Incompatible
Product not compatible with Windows 7.,128,Windows 7 Incompatible
Poor seal caused wine to turn to vinegar.,216,Wine Turned Vinegar
The wine was likely oxidized from a faulty seal.,216,Wine Turned Vinegar
Bad seal caused wine to turn to vinegar.,216,Wine Turned Vinegar
Product tastes nothing like banana runts and is yucky.,241,Wrong Candy Flavor
Tastes nothing like banana runts and is yucky.,241,Wrong Candy Flavor
Tastes nothing like banana runts and is bad.,241,Wrong Candy Flavor
"Chips taste like BBQ, not ketchup.",225,Wrong Chip Flavor
"The chips taste like barbecue, not ketchup.",225,Wrong Chip Flavor
Chips have smoky BBQ flavor instead of ketchup.,225,Wrong Chip Flavor
Extreme salt and vinegar taste makes chips inedible.,225,Wrong Chip Flavor
Not vinegary enough for the customer's taste.,225,Wrong Chip Flavor
Chips have very mild salt and vinegar flavor.,225,Wrong Chip Flavor
The chips have very mild salt and vinegar flavor.,225,Wrong Chip Flavor
Excessive vinegar flavor overpowering the chips.,225,Wrong Chip Flavor
Excessive vinegar flavor overshadows the salt.,225,Wrong Chip Flavor
Chips have too much vinegar flavor.,225,Wrong Chip Flavor
Sampler contained hot drinks instead of iced summer drinks.,2,Wrong Drink Type
Sampler set had missing flavors and imbalance.,2,Wrong Drink Type
"Sampler had mostly hot drinks, not iced.",2,Wrong Drink Type
"Sampler contained hot drinks, not iced summer ones.",2,Wrong Drink Type
"Sampler contained hot drinks, not iced drinks.",2,Wrong Drink Type
Received all white chocolates instead of assorted.,78,Wrong Expired Chocolates
The chocolates were expired on arrival.,78,Wrong Expired Chocolates
Received all white chocolates instead of assorted.,78,Wrong Expired Chocolates
Expired chocolates were discolored and dry.,78,Wrong Expired Chocolates
Overpaid for hot chocolate due to expensive shipping.,78,Wrong Expired Chocolates
"Ordered assorted chocolates, got only white.",78,Wrong Expired Chocolates
Chocolates were expired before purchase.,78,Wrong Expired Chocolates
Inadequate shipping protection caused chocolate melting.,78,Wrong Expired Chocolates
Improper storage caused chocolate to fall off.,78,Wrong Expired Chocolates
Improper storage caused chocolate to separate and stick.,78,Wrong Expired Chocolates
Improper storage caused the chocolate to fall off.,78,Wrong Expired Chocolates
Melted chocolates due to inadequate shipping protection.,78,Wrong Expired Chocolates
Chocolates melted due to inadequate shipping protection.,78,Wrong Expired Chocolates
"Teabags tasted like black licorice, not rootbeer.",44,Wrong Flavor Profile
"Teabags tasted like black licorice, not rootbeer.",44,Wrong Flavor Profile
"Sassafras teabags tasted like black licorice, not rootbeer.",44,Wrong Flavor Profile
Seller substituted winter flavors for ordered summer teas.,42,Wrong Flavor Substitution
Seller substituted winter coffee flavors for ordered summer tea.,42,Wrong Flavor Substitution
Seller substituted winter coffee for summer tea.,42,Wrong Flavor Substitution
Product described as powder but actually granules.,176,Wrong Form Description
"Product falsely described as powder, not granules.",176,Wrong Form Description
Product was misrepresented as powder but is granules.,176,Wrong Form Description
Product described as powder but is granules.,176,Wrong Form Description
Grape flavor instead of expected sugar plum.,133,Wrong Fruit Flavor
"Expected sugar plum, got grape flavor.",133,Wrong Fruit Flavor
"Flavor is grape, not expected sugar plum.",133,Wrong Fruit Flavor
The olive juice is excessively salty.,164,Wrong Olive Product
Product labeled olive juice but is actually lactic acid.,164,Wrong Olive Product
"Product mislabeled as olive juice, actually lactic acid.",164,Wrong Olive Product
Product packaging was not as advertised.,190,Wrong Packaging
Packaging differed from advertised description.,190,Wrong Packaging
Wrong brand shipped instead of advertised.,190,Wrong Packaging
Wrong pudding type delivered instead of ordered.,167,Wrong Pudding Type
Received substitution instead of ordered flavor.,167,Wrong Pudding Type
Wrong pudding type sent instead of ordered.,167,Wrong Pudding Type
Wrong pudding type sent instead of ordered.,167,Wrong Pudding Type
Calorie count not shown at time of order.,167,Wrong Pudding Type
Sent wrong item and incorrect quantity.,202,Wrong Quantity
Sent wrong item and only one of three.,202,Wrong Quantity
"Sent one package instead of three, and wrong item.",202,Wrong Quantity
"Product is chili sauce, not sweet and sour.",193,Wrong Sauce Type
"Tastes like chili sauce, not sweet and sour.",193,Wrong Sauce Type
"The product is chili sauce, not sweet and sour.",193,Wrong Sauce Type
"Ordered teas and coffee, received holiday flavors instead.",39,Wrong Seasonal Flavors
Order included wrong holiday drinks instead of teas.,39,Wrong Seasonal Flavors
Received winter flavors in summer.,39,Wrong Seasonal Flavors
Received holiday coffees and cider instead of ordered teas.,39,Wrong Seasonal Flavors
Received winter flavors instead of ordered summer tea.,39,Wrong Seasonal Flavors
